{
  "val_acc_0": 0.6671650409698486,
  "_runtime": 3548.456991672516,
  "val_loss": 1.721872091293335,
  "val_loss_0": 1.721872091293335,
  "epoch": 29,
  "global_step": 2940,
  "mae_0": 5.02610969543457,
  "_step": 61,
  "_timestamp": 1602927325.575583,
  "train_loss": 1.2156665325164795,
  "mae_11.2_21.3_0": 8.504668235778809,
  "mse_21.3_38.0_0": 290.2774658203125,
  "mse_38.0_50_0": 143.120361328125,
  "mse_5.2_11.2_0": 699.9072265625,
  "mse_0_5.2_0": 579.5424194335938,
  "acc_0": 0.8626349568367004,
  "mse_11.2_21.3_0": 470.60272216796875,
  "acc_5.2_11.2_0": 0.9132409691810608,
  "mse": 471.65740966796875,
  "acc_0_5.2_0": 0.9864422678947449,
  "mae_21.3_38.0_0": 9.726698875427246,
  "mae_5.2_11.2_0": 6.369892597198486,
  "mae_0_5.2_0": 2.5985186100006104,
  "mae_50_inf_0": 8.787113189697266,
  "acc_50_inf_0": 0.648093581199646,
  "mse_0": 471.65740966796875,
  "acc_11.2_21.3_0": 0.6731675863265991,
  "mse_50_inf_0": 145.1144256591797,
  "acc_38.0_50_0": 0.6377898454666138,
  "acc_21.3_38.0_0": 0.5797510147094727,
  "mae_38.0_50_0": 8.765700340270996
}