{
  "mae_9": 6.153076171875,
  "val_loss_3": 2.568258047103882,
  "mae_5": 5.700700759887695,
  "mae_7": 5.870489120483398,
  "mae_3": 5.533928394317627,
  "val_acc_0": 0.6836011409759521,
  "mae_1": 4.624943256378174,
  "mae_8": 6.045475482940674,
  "val_loss_2": 2.294485569000244,
  "mae_6": 5.818551063537598,
  "val_loss_7": 2.833225727081299,
  "mae_0": 3.7714743614196777,
  "val_acc_4": 0.6746715903282166,
  "val_acc_2": 0.677122950553894,
  "val_loss_9": 3.0165717601776123,
  "val_acc_5": 0.6740211844444275,
  "_step": 201,
  "val_acc_6": 0.6751429438591003,
  "val_loss_5": 2.699481725692749,
  "mae_4": 5.605005264282227,
  "val_acc_7": 0.6754541397094727,
  "val_loss_0": 0.8611348867416382,
  "val_acc_1": 0.6807481050491333,
  "val_acc_9": 0.6738752722740173,
  "_timestamp": 1598292228.233077,
  "val_acc_3": 0.6759081482887268,
  "global_step": 28400,
  "val_loss_4": 2.6776485443115234,
  "val_loss_6": 2.7356672286987305,
  "val_loss_8": 2.9273900985717773,
  "val_loss_1": 1.6695091724395752,
  "val_acc_8": 0.6750898957252502,
  "_runtime": 57612.7275390625,
  "mae_2": 5.228870868682861,
  "epoch": 99,
  "val_loss": 2.428337335586548,
  "train_loss": 1.5672218799591064,
  "mae_11.2_21.3_4": 8.7694730758667,
  "mae_0_5.2_5": 1.6040972471237183,
  "mae_38.0_50_1": 10.42702579498291,
  "mse_0_5.2_6": 13.95364761352539,
  "mae_5.2_11.2_0": 4.284646987915039,
  "acc_11.2_21.3_4": 0.5889156460762024,
  "mse_21.3_38.0_7": 213.04237365722656,
  "mae_50_inf_2": 15.577866554260254,
  "mse_50_inf_8": 594.823486328125,
  "mse_50_inf_6": 553.446533203125,
  "mae_50_inf_0": 9.98966121673584,
  "acc_21.3_38.0_1": 0.5520435571670532,
  "mse_11.2_21.3_5": 122.40674591064453,
  "acc_7": 0.7947178483009338,
  "mae_0_5.2_1": 1.316884160041809,
  "mse_50_inf_9": 614.5882568359375,
  "acc_5.2_11.2_7": 0.8800178170204163,
  "acc_5.2_11.2_1": 0.9236022233963013,
  "mae_5.2_11.2_1": 4.953649520874023,
  "mse_0_5.2_2": 10.639588356018066,
  "acc_0_5.2_6": 0.9743735790252686,
  "mse_50_inf_0": 180.6336212158203,
  "mae_5.2_11.2_2": 5.620508670806885,
  "mse_11.2_21.3_3": 113.89948272705078,
  "mae_0_5.2_6": 1.6428626775741577,
  "mse_0_5.2_7": 15.498152732849121,
  "mae_50_inf_8": 18.45458221435547,
  "mse_11.2_21.3_2": 108.21136474609375,
  "mae_0_5.2_3": 1.5424261093139648,
  "acc_0_5.2_2": 0.9809859991073608,
  "mae_0_5.2_9": 1.6559381484985352,
  "mse_9": 133.13201904296875,
  "mse_7": 120.7168197631836,
  "mse_38.0_50_4": 241.86773681640625,
  "mse_11.2_21.3_7": 132.36520385742188,
  "mse_11.2_21.3_6": 126.8330078125,
  "mae_11.2_21.3_7": 9.109871864318848,
  "mse_21.3_38.0_0": 115.8571548461914,
  "acc_1": 0.8410575985908508,
  "acc_38.0_50_0": 0.6139759421348572,
  "mae_11.2_21.3_5": 8.870267868041992,
  "acc_5": 0.8008401989936829,
  "mse_5.2_11.2_4": 73.68391418457031,
  "mae_50_inf_4": 16.693479537963867,
  "acc_50_inf_2": 0.4124049246311188,
  "mae_21.3_38.0_7": 11.929571151733398,
  "acc_5.2_11.2_8": 0.8828111886978149,
  "acc_0_5.2_7": 0.9730598330497742,
  "acc_50_inf_0": 0.5870289206504822,
  "acc_38.0_50_8": 0.427837997674942,
  "mse_38.0_50_6": 254.2921142578125,
  "mae_0_5.2_4": 1.5857044458389282,
  "acc_0_5.2_5": 0.9758772253990173,
  "mse_0_5.2_0": 3.2853856086730957,
  "mse_5.2_11.2_1": 50.17869567871094,
  "mse_5.2_11.2_7": 89.12152862548828,
  "mae_5.2_11.2_9": 6.284971237182617,
  "mae_5.2_11.2_6": 6.235142707824707,
  "mse_38.0_50_0": 127.50205993652344,
  "mae_0_5.2_0": 1.1125587224960327,
  "acc_0_5.2_1": 0.9856743216514587,
  "mse_0_5.2_8": 15.383853912353516,
  "mae_11.2_21.3_9": 9.393401145935059,
  "mae_0_5.2_2": 1.468018651008606,
  "acc_50_inf_5": 0.3773796856403351,
  "acc_38.0_50_3": 0.4566178619861603,
  "mse_0": 46.49708938598633,
  "acc_11.2_21.3_6": 0.5825855135917664,
  "acc_5.2_11.2_3": 0.9042004942893982,
  "acc_0_5.2_8": 0.9735893607139587,
  "mae_38.0_50_4": 12.429366111755371,
  "mae_21.3_38.0_2": 10.914342880249023,
  "acc_5.2_11.2_5": 0.8912637829780579,
  "acc_0_5.2_9": 0.9745198488235474,
  "acc_5.2_11.2_2": 0.908600926399231,
  "acc_21.3_38.0_9": 0.4157212972640991,
  "mse_5.2_11.2_2": 66.88526916503906,
  "mse_38.0_50_1": 172.9553680419922,
  "mse_50_inf_7": 536.5650024414062,
  "mse_5.2_11.2_3": 69.14817810058594,
  "mse_5.2_11.2_9": 84.18907928466797,
  "mae_50_inf_1": 13.68172836303711,
  "acc_38.0_50_2": 0.4830454885959625,
  "mse_21.3_38.0_9": 232.0584259033203,
  "mse_38.0_50_3": 235.98423767089844,
  "mse_38.0_50_5": 239.78741455078125,
  "acc_21.3_38.0_4": 0.4614376425743103,
  "mae_21.3_38.0_4": 11.541097640991211,
  "mse_50_inf_5": 526.0459594726562,
  "mae_50_inf_7": 17.4205379486084,
  "mse_0_5.2_1": 7.780458927154541,
  "mae_50_inf_6": 17.636777877807617,
  "acc_21.3_38.0_7": 0.4493865370750427,
  "mae_0_5.2_8": 1.679870367050171,
  "acc_50_inf_4": 0.39106643199920654,
  "mse_50_inf_1": 341.7987976074219,
  "acc_0": 0.8762950301170349,
  "acc_11.2_21.3_0": 0.7515878081321716,
  "mse_38.0_50_8": 281.0223083496094,
  "mse_21.3_38.0_8": 219.661865234375,
  "acc_11.2_21.3_9": 0.5407377481460571,
  "acc_2": 0.8172879815101624,
  "mse_38.0_50_9": 302.81903076171875,
  "acc_38.0_50_6": 0.4427039921283722,
  "mse_21.3_38.0_1": 145.07199096679688,
  "mae_21.3_38.0_0": 8.539680480957031,
  "acc_8": 0.7898893356323242,
  "mse_5.2_11.2_5": 78.11671447753906,
  "mae_11.2_21.3_8": 9.254562377929688,
  "mae_38.0_50_6": 12.795862197875977,
  "acc_50_inf_6": 0.3678137958049774,
  "mse_5.2_11.2_0": 34.25699996948242,
  "mse_11.2_21.3_0": 72.44375610351562,
  "acc_5.2_11.2_6": 0.8821962475776672,
  "mse_0_5.2_9": 15.256075859069824,
  "acc_11.2_21.3_7": 0.5700241923332214,
  "acc_38.0_50_4": 0.4588686227798462,
  "mae_21.3_38.0_5": 11.557608604431152,
  "acc_0_5.2_3": 0.9781286716461182,
  "mse_0_5.2_4": 12.418633460998535,
  "acc_21.3_38.0_8": 0.43393659591674805,
  "mse_5.2_11.2_6": 82.92755889892578,
  "mse": 105.42533874511719,
  "mae_11.2_21.3_2": 8.326458930969238,
  "acc_4": 0.8043450117111206,
  "mse_11.2_21.3_9": 136.59242248535156,
  "acc_11.2_21.3_3": 0.5967369079589844,
  "mae_38.0_50_3": 12.33253002166748,
  "mse_50_inf_2": 434.9455261230469,
  "acc_50_inf_8": 0.34865376353263855,
  "acc_21.3_38.0_0": 0.6232097744941711,
  "mae_21.3_38.0_3": 11.419990539550781,
  "acc_3": 0.8064024448394775,
  "mse_1": 75.77662658691406,
  "mae_38.0_50_5": 12.334458351135254,
  "mse_38.0_50_7": 265.45599365234375,
  "acc_11.2_21.3_8": 0.5576683282852173,
  "acc_11.2_21.3_2": 0.6212449073791504,
  "mae_5.2_11.2_7": 6.354043960571289,
  "mse_50_inf_3": 502.2176513671875,
  "acc_6": 0.7973611354827881,
  "acc_11.2_21.3_1": 0.6918694376945496,
  "acc_21.3_38.0_5": 0.46006688475608826,
  "mae_11.2_21.3_0": 6.642521381378174,
  "mae_38.0_50_0": 8.85400676727295,
  "mae_38.0_50_8": 13.428997993469238,
  "acc_38.0_50_5": 0.46523553133010864,
  "mae_11.2_21.3_3": 8.599099159240723,
  "acc_50_inf_3": 0.38730114698410034,
  "mse_11.2_21.3_4": 119.5954818725586,
  "mae_21.3_38.0_8": 12.19196605682373,
  "mse_4": 110.23932647705078,
  "acc_38.0_50_7": 0.43616434931755066,
  "mse_5.2_11.2_8": 88.52095794677734,
  "mse_21.3_38.0_2": 177.82928466796875,
  "mse_3": 108.24895477294922,
  "mse_5": 114.30437469482422,
  "mse_11.2_21.3_8": 134.5123748779297,
  "acc_9": 0.7854567766189575,
  "acc_5.2_11.2_0": 0.9300957322120667,
  "mse_21.3_38.0_5": 198.3820037841797,
  "mae_50_inf_9": 18.88166618347168,
  "mse_0_5.2_5": 12.984673500061035,
  "mae_21.3_38.0_6": 11.712188720703125,
  "mae_5.2_11.2_4": 5.919975757598877,
  "mae_5.2_11.2_5": 6.073265075683594,
  "mae_38.0_50_2": 11.670430183410645,
  "mae_11.2_21.3_6": 8.926080703735352,
  "acc_5.2_11.2_9": 0.8899663686752319,
  "mae_11.2_21.3_1": 7.432126998901367,
  "mae_5.2_11.2_3": 5.788221836090088,
  "mse_38.0_50_2": 213.92733764648438,
  "acc_21.3_38.0_6": 0.4568680226802826,
  "acc_38.0_50_1": 0.5351817011833191,
  "acc_50_inf_1": 0.46274274587631226,
  "mse_11.2_21.3_1": 88.49641418457031,
  "mse_8": 129.220947265625,
  "mae_21.3_38.0_1": 9.701521873474121,