{
  "val_acc_9": 0.6371394991874695,
  "val_loss_2": 2.323612689971924,
  "val_acc_4": 0.6324449181556702,
  "mae_11": 11.378158569335938,
  "val_acc_8": 0.6342102289199829,
  "val_loss_10": 3.3774054050445557,
  "val_acc_11": 0.6327013373374939,
  "epoch": 29,
  "_timestamp": 1603048581.1842892,
  "mae_8": 10.913206100463867,
  "mae_1": 11.955635070800781,
  "mae_2": 12.760424613952637,
  "val_acc_3": 0.6272728443145752,
  "mae_7": 11.51103401184082,
  "mae_6": 11.715656280517578,
  "mae_0": 11.07927131652832,
  "val_acc_12": 0.6414334177970886,
  "val_loss_7": 2.443312406539917,
  "val_loss_6": 2.206712007522583,
  "mae_12": 11.028940200805664,
  "mae_10": 10.906365394592285,
  "_runtime": 25837.513605117798,
  "val_loss": 2.4297962188720703,
  "_step": 61,
  "mae_5": 24.539466857910156,
  "val_loss_11": 2.9978649616241455,
  "val_loss_12": 2.107590913772583,
  "val_acc_5": 0.6305098533630371,
  "val_acc_13": 0.6410732269287109,
  "mae_4": 11.889937400817871,
  "val_acc_6": 0.6348731517791748,
  "val_loss_3": 2.7034354209899902,
  "mae_13": 10.705653190612793,
  "global_step": 2220,
  "val_loss_4": 2.2022929191589355,
  "mae_3": 19.158475875854492,
  "val_acc_7": 0.6346157789230347,
  "val_loss_1": 2.1871025562286377,
  "val_loss_8": 2.378248691558838,
  "val_acc_2": 0.6311438679695129,
  "mae_9": 10.609691619873047,
  "val_acc_1": 0.6279938817024231,
  "val_loss_5": 2.711796522140503,
  "val_loss_9": 2.0842623710632324,
  "val_acc_0": 0.6232818961143494,
  "val_loss_13": 2.131757974624634,
  "val_acc_10": 0.6296914219856262,
  "val_loss_0": 2.161755323410034,
  "train_loss": 2.0379700660705566,
  "mse_38.0_50_0": 535.2720336914062,
  "mae_11.2_21.3_3": 9.270729064941406,
  "acc_11.2_21.3_10": 0.6024671792984009,
  "acc_21.3_38.0_1": 0.3490348160266876,
  "mae_0_5.2_4": 7.164958953857422,
  "acc_21.3_38.0_5": 0.3341973125934601,
  "acc_5.2_11.2_7": 0.8595054149627686,
  "mse_5": 37786.4765625,
  "acc_0_5.2_8": 0.8662621378898621,
  "mse_10": 328.54559326171875,
  "mse_5.2_11.2_7": 59.75257110595703,
  "acc_8": 0.6660259962081909,
  "mae_11.2_21.3_2": 7.238552570343018,
  "mse_0_5.2_6": 240.7367706298828,
  "mae_38.0_50_13": 19.12531089782715,
  "mae_50_inf_2": 38.47301483154297,
  "acc_6": 0.663691520690918,
  "acc_0_5.2_1": 0.8552769422531128,
  "mse_0_5.2_0": 95.09797668457031,
  "acc_5.2_11.2_2": 0.8733299970626831,
  "mse_50_inf_1": 1743.45556640625,
  "mae_11.2_21.3_5": 15.029401779174805,
  "mse_21.3_38.0_5": 14163.1416015625,
  "mse_0_5.2_10": 72.2091293334961,
  "mse_38.0_50_2": 465.938232421875,
  "mse_5.2_11.2_3": 2858.519775390625,
  "mae_21.3_38.0_1": 13.02216911315918,
  "mse_21.3_38.0_13": 319.51373291015625,
  "acc_38.0_50_3": 0.11147628724575043,
  "acc_5.2_11.2_4": 0.8493168354034424,
  "mse_50_inf_13": 1224.866455078125,
  "mae_21.3_38.0_6": 14.400467872619629,
  "mae_21.3_38.0_9": 13.6204833984375,
  "acc_38.0_50_12": 0.2872518301010132,
  "mae_38.0_50_4": 17.257841110229492,
  "acc_11.2_21.3_12": 0.6175605654716492,
  "mse_21.3_38.0_1": 225.23068237304688,
  "mae_0_5.2_7": 5.029665946960449,
  "mse_0_5.2_1": 75.31900787353516,
  "acc_4": 0.653800368309021,
  "acc_5.2_11.2_1": 0.8714666962623596,
  "mse_4": 419.0832824707031,
  "mse_38.0_50_6": 494.92083740234375,
  "mae_50_inf_13": 28.062841415405273,
  "mse_5.2_11.2_0": 128.96978759765625,
  "mse_11.2_21.3_8": 125.54751586914062,
  "mse_13": 313.2707824707031,
  "mae_50_inf_7": 37.638267517089844,
  "mae_21.3_38.0_3": 16.015689849853516,
  "mse_50_inf_9": 1327.5078125,
  "mse_21.3_38.0_12": 238.52798461914062,
  "acc_38.0_50_5": 0.2784520983695984,
  "mae_38.0_50_2": 18.853450775146484,
  "acc_11.2_21.3_0": 0.515579104423523,
  "acc_50_inf_1": 0.07935316115617752,
  "acc_38.0_50_2": 0.23515857756137848,
  "mae_21.3_38.0_8": 13.498848915100098,
  "mse_11.2_21.3_11": 100.17255401611328,
  "acc_21.3_38.0_2": 0.3585364818572998,
  "acc_0_5.2_7": 0.8740563988685608,
  "acc_13": 0.6582266092300415,
  "mse_38.0_50_3": 2762.014892578125,
  "mse_0_5.2_3": 11375.296875,
  "acc_21.3_38.0_7": 0.36134713888168335,
  "acc_21.3_38.0_13": 0.32036852836608887,
  "mae_50_inf_10": 31.38621711730957,
  "acc_10": 0.669441819190979,
  "acc_50_inf_4": 0.16140571236610413,
  "mae_38.0_50_3": 23.697242736816406,
  "acc_11.2_21.3_7": 0.6562421917915344,
  "acc_38.0_50_1": 0.2605322301387787,
  "mae_21.3_38.0_2": 12.65200138092041,
  "mse_5.2_11.2_10": 96.57192993164062,
  "acc_11.2_21.3_8": 0.6398025751113892,
  "acc_11.2_21.3_2": 0.7307945489883423,
  "mse_21.3_38.0_8": 252.3850555419922,
  "acc_21.3_38.0_11": 0.35505056381225586,
  "mae_11.2_21.3_7": 7.921075820922852,
  "mae_11.2_21.3_10": 9.177506446838379,
  "mae_21.3_38.0_0": 15.945173263549805,
  "mse_6": 433.9500427246094,
  "mae_5.2_11.2_12": 5.949390888214111,
  "acc_38.0_50_10": 0.2701130509376526,
  "mse_1": 353.9087829589844,
  "mse_50_inf_7": 1856.437744140625,
  "mae_11.2_21.3_13": 10.458606719970703,
  "acc_0_5.2_5": 0.8299662470817566,
  "mse_8": 317.732666015625,
  "acc_11": 0.6660734415054321,
  "acc_21.3_38.0_12": 0.36222657561302185,
  "mae_5.2_11.2_6": 5.618823528289795,
  "mae_21.3_38.0_7": 13.04358959197998,
  "acc_21.3_38.0_8": 0.3548174798488617,
  "mse_50_inf_4": 1471.060302734375,
  "acc_0_5.2_13": 0.8659025430679321,
  "acc_12": 0.6689478158950806,
  "mae_50_inf_9": 29.15265464782715,
  "mse_11.2_21.3_10": 136.19546508789062,
  "acc_5.2_11.2_5": 0.811293363571167,
  "acc_5.2_11.2_13": 0.8150746822357178,
  "mae_38.0_50_8": 17.901926040649414,
  "mae_5.2_11.2_7": 5.206852912902832,
  "acc_0_5.2_12": 0.8771253228187561,
  "mse_11.2_21.3_2": 77.9659652709961,
  "mae_11.2_21.3_6": 9.038236618041992,
  "mae_0_5.2_11": 5.3874125480651855,
  "mse_38.0_50_1": 453.3526306152344,
  "acc_5.2_11.2_8": 0.8347015380859375,
  "mse_5.2_11.2_6": 122.18640899658203,
  "mse_2": 385.40228271484375,
  "mse_21.3_38.0_9": 259.70123291015625,
  "acc_11.2_21.3_9": 0.5785179734230042,
  "mse_21.3_38.0_11": 241.1370849609375,
  "acc_50_inf_13": 0.20347091555595398,
  "acc_11.2_21.3_1": 0.6888992190361023,
  "mse_38.0_50_5": 15544.478515625,
  "mse_50_inf_10": 1511.074951171875,
  "acc_50_inf_5": 0.22676636278629303,
  "mae_38.0_50_5": 23.032262802124023,
  "mse_21.3_38.0_4": 265.9439392089844,
  "mse_0_5.2_4": 251.0091552734375,
  "acc_50_inf_9": 0.20609353482723236,
  "mse_38.0_50_13": 506.1953125,
  "mae_50_inf_8": 30.9425106048584,
  "mae_0_5.2_1": 6.249291896820068,
  "acc_38.0_50_9": 0.28827643394470215,
  "acc_2": 0.6340668201446533,
  "mse_11.2_21.3_6": 156.95916748046875,
  "mae_21.3_38.0_4": 13.411593437194824,
  "mse_0_5.2_7": 57.8565788269043,
  "acc_5": 0.6428198218345642,
  "acc_0_5.2_11": 0.8804166913032532,
  "mse_21.3_38.0_2": 212.96160888671875,
  "mse_21.3_38.0_3": 3291.608154296875,
  "mse_38.0_50_8": 442.1069030761719,
  "mse_38.0_50_7": 480.64385986328125,
  "mae_0_5.2_10": 5.166857719421387,
  "acc_9": 0.6609401702880859,
  "mae_38.0_50_11": 18.904052734375,
  "mae_38.0_50_9": 17.335107803344727,
  "mae_5.2_11.2_13": 7.289717674255371,
  "mse_5.2_11.2_5": 17799.11328125,
  "mse_5.2_11.2_12": 89.67053985595703,
  "acc_5.2_11.2_11": 0.8546682596206665,
  "mae_11.2_21.3_12": 8.809080123901367,
  "acc_38.0_50_8": 0.27610087394714355,
  "mse_50_inf_12": 1558.383056640625,
  "mse_11.2_21.3_12": 118.61603546142578,
  "mae_21.3_38.0_10": 14.03283977508545,
  "mse_21.3_38.0_0": 368.9221496582031,
  "mae_0_5.2_6": 6.374166011810303,
  "mae_5.2_11.2_11": 5.239185333251953,
  "mse_5.2_11.2_13": 138.9633331298828,
  "mse_5.2_11.2_2": 54.9791259765625,
  "acc_5.2_11.2_3": 0.8993245363235474,
  "acc_5.2_11.2_9": 0.8152502775192261,
  "mse_5.2_11.2_1": 56.575965881347656,
  "mae_5.2_11.2_3": 6.362576007843018,
  "mae_0_5.2_0": 5.150024890899658,
  "mae_5.2_11.2_8": 5.938593864440918,
  "mse_21.3_38.0_10": 275.9881896972656,
  "mse_11.2_21.3_4": 152.7587890625,
  "mse_12": 327.2962646484375,
  "mae_5.2_11.2_9": 6.7988667488098145,
  "mae_5.2_11.2_10": 6.125828742980957,
  "mae_0_5.2_12": 5.3606743812561035,
  "mse_0_5.2_5": 57870.18359375,