{
  "val_acc_14": 0.6237808465957642,
  "val_acc_6": 0.6197966933250427,
  "val_loss_18": 3.5553858280181885,
  "val_loss_10": 3.3150694370269775,
  "val_acc_10": 0.6190505623817444,
  "val_acc_8": 0.6198051571846008,
  "mae_19": 8.101881980895996,
  "mae_4": 7.1651153564453125,
  "mae_13": 7.833368301391602,
  "mae_11": 7.3414459228515625,
  "global_step": 4260,
  "mae_16": 7.743528842926025,
  "val_loss_19": 3.624053478240967,
  "val_acc_1": 0.6250121593475342,
  "val_acc_4": 0.6216013431549072,
  "val_loss_3": 3.036137819290161,
  "val_loss_15": 3.25531005859375,
  "mae_20": 8.538240432739258,
  "val_acc_17": 0.6184329986572266,
  "mae_7": 7.34306001663208,
  "val_acc_18": 0.6197924613952637,
  "val_loss_0": 1.4250977039337158,
  "val_loss_16": 3.3462579250335693,
  "mae_17": 7.739797115325928,
  "mae_1": 5.907112121582031,
  "val_loss_11": 3.6312553882598877,
  "val_acc_19": 0.6184885501861572,
  "_runtime": 25128.746098279953,
  "val_acc_3": 0.6201660633087158,
  "mae_14": 7.806238651275635,
  "mae_10": 7.473177433013916,
  "mae_9": 7.354387283325195,
  "mae_8": 7.48643684387207,
  "val_acc_12": 0.6212709546089172,
  "mae_6": 7.902098178863525,
  "val_loss_17": 3.8182880878448486,
  "val_acc_5": 0.618340790271759,
  "val_acc_9": 0.6192134022712708,
  "mae_0": 5.383749961853027,
  "val_loss_6": 3.2166502475738525,
  "mae_2": 6.553774356842041,
  "val_loss_9": 3.2592122554779053,
  "val_acc_16": 0.6230854988098145,
  "val_loss_14": 3.290928602218628,
  "epoch": 29,
  "val_loss_5": 3.239548921585083,
  "val_acc_13": 0.6209567189216614,
  "mae_18": 7.88297176361084,
  "val_acc_0": 0.6271493434906006,
  "val_loss_1": 2.127000331878662,
  "val_acc_11": 0.6180737018585205,
  "val_loss_12": 3.5458781719207764,
  "val_acc_15": 0.6211809515953064,
  "mae_12": 7.4995574951171875,
  "val_loss_20": 3.5811047554016113,
  "mae_5": 7.496572971343994,
  "val_loss_13": 3.31752872467041,
  "val_loss_4": 3.0927162170410156,
  "val_loss": 3.1843082904815674,
  "mae_3": 7.372429847717285,
  "val_loss_2": 2.7765231132507324,
  "_timestamp": 1602811771.9489772,
  "mae_15": 7.80994176864624,
  "val_acc_7": 0.6186380386352539,
  "val_acc_20": 0.6205424070358276,
  "val_acc_2": 0.6233538389205933,
  "val_loss_7": 3.2204437255859375,
  "val_loss_8": 3.1960806846618652,
  "_step": 61,
  "train_loss": 2.940171241760254,
  "mae_38.0_50_10": 13.69472599029541,
  "mae_38.0_50_13": 14.471570014953613,
  "mse_13": 198.66221618652344,
  "mae_21.3_38.0_3": 12.2615327835083,
  "mse_5.2_11.2_9": 67.18000793457031,
  "acc_50_inf_14": 0.20247337222099304,
  "mse_21.3_38.0_12": 222.6731414794922,
  "mse_11.2_21.3_18": 134.98602294921875,
  "mse_50_inf_17": 888.4527587890625,
  "acc_0_5.2_11": 0.9745928645133972,
  "mae_50_inf_20": 29.1162109375,
  "acc_21.3_38.0_15": 0.3966882526874542,
  "mse_21.3_38.0_20": 248.22764587402344,
  "mse_0_5.2_7": 14.59237003326416,
  "mae_21.3_38.0_9": 12.840397834777832,
  "acc_21.3_38.0_16": 0.41061362624168396,
  "mse_11": 171.85806274414062,
  "mse_38.0_50_16": 300.7879333496094,
  "acc_38.0_50_3": 0.4122619032859802,
  "mae_0_5.2_14": 1.8105953931808472,
  "mae_5.2_11.2_4": 5.982144832611084,
  "mae_11.2_21.3_9": 9.835247993469238,
  "acc_38.0_50_6": 0.390993595123291,
  "acc_21.3_38.0_2": 0.4603288471698761,
  "mse_50_inf_11": 763.9615478515625,
  "acc_5.2_11.2_1": 0.9420326948165894,
  "acc_9": 0.7401688694953918,
  "mse_5.2_11.2_6": 57.67972946166992,
  "acc_21.3_38.0_4": 0.4216253459453583,
  "acc_38.0_50_15": 0.4009583294391632,
  "mse_21.3_38.0_14": 217.58656311035156,
  "mse_21.3_38.0_17": 252.80580139160156,
  "mae_21.3_38.0_17": 13.499286651611328,
  "mse_38.0_50_19": 345.6761169433594,
  "mae_11.2_21.3_3": 9.305872917175293,
  "mse_5.2_11.2_10": 67.49455261230469,
  "acc_5.2_11.2_6": 0.9169629216194153,
  "acc_11.2_21.3_10": 0.45520317554473877,
  "acc_21.3_38.0_10": 0.3982037603855133,
  "mae_21.3_38.0_12": 12.543037414550781,
  "mse_0_5.2_14": 15.13104248046875,
  "mse_38.0_50_11": 311.07135009765625,
  "acc_50_inf_9": 0.26534172892570496,
  "acc_19": 0.7192900776863098,
  "mae_5.2_11.2_2": 5.915548801422119,
  "mse_50_inf_13": 927.1658935546875,
  "acc_5.2_11.2_16": 0.900203287601471,
  "acc_21.3_38.0_0": 0.5390117168426514,
  "mse_50_inf_20": 1207.6431884765625,
  "acc_5.2_11.2_9": 0.9027436375617981,
  "mse_11.2_21.3_7": 132.02838134765625,
  "acc_50_inf_16": 0.20030252635478973,
  "acc_0_5.2_5": 0.9747923612594604,
  "acc_11.2_21.3_9": 0.4605814516544342,
  "mae_38.0_50_15": 14.31621265411377,
  "mae_21.3_38.0_4": 12.204818725585938,
  "mae_21.3_38.0_16": 12.483396530151367,
  "mae_11.2_21.3_19": 10.251214027404785,
  "mse_21.3_38.0_16": 221.71839904785156,
  "acc_8": 0.7407870888710022,
  "acc_0_5.2_9": 0.9752751588821411,
  "acc_11.2_21.3_15": 0.46810734272003174,
  "mae_21.3_38.0_2": 11.502058029174805,
  "acc_5.2_11.2_2": 0.91631019115448,
  "acc_50_inf_1": 0.375509113073349,
  "mse_50_inf_7": 790.4521484375,
  "acc_5.2_11.2_15": 0.9044876098632812,
  "acc_0_5.2_16": 0.970569908618927,
  "mse_6": 202.70828247070312,
  "acc_0_5.2_19": 0.971619188785553,
  "mae_21.3_38.0_20": 13.461694717407227,
  "mse_11.2_21.3_4": 120.57926177978516,
  "mse_11.2_21.3_16": 123.16194915771484,
  "mae_50_inf_16": 24.894912719726562,
  "mae_11.2_21.3_2": 8.998652458190918,
  "mae_50_inf_5": 23.103721618652344,
  "acc_5.2_11.2_12": 0.9026351571083069,
  "mse_38.0_50_14": 285.76214599609375,
  "mse_11.2_21.3_3": 115.90623474121094,
  "acc_50_inf_7": 0.2762156128883362,
  "mse_5.2_11.2_3": 57.78750228881836,
  "mse_50_inf_19": 988.6387939453125,
  "mae_21.3_38.0_8": 12.218403816223145,
  "mae_0_5.2_17": 1.722136378288269,
  "acc_21.3_38.0_11": 0.38927197456359863,
  "mse_5.2_11.2_7": 70.61625671386719,
  "mae_5.2_11.2_18": 6.308731555938721,
  "mse_0_5.2_2": 24.52654457092285,
  "mae_11.2_21.3_15": 9.718494415283203,
  "mae_21.3_38.0_10": 12.84104061126709,
  "mse_21.3_38.0_0": 137.98655700683594,
  "mse_14": 201.35389709472656,
  "mse_50_inf_5": 831.822021484375,
  "mse_50_inf_4": 765.0036010742188,
  "mse_21.3_38.0_7": 225.9076690673828,
  "mse_11.2_21.3_9": 130.87245178222656,
  "mse_0_5.2_15": 13.373456954956055,
  "mae_21.3_38.0_11": 13.06009578704834,
  "acc_0_5.2_20": 0.9734590649604797,
  "mse_0_5.2_18": 14.493414878845215,
  "mae_5.2_11.2_6": 5.8518524169921875,
  "acc_0_5.2_3": 0.9757851362228394,
  "mae_5.2_11.2_17": 6.260499000549316,
  "mae_11.2_21.3_7": 9.762585639953613,
  "mae_11.2_21.3_5": 9.6480073928833,
  "mse_50_inf_8": 890.27880859375,
  "acc_21.3_38.0_7": 0.4089120328426361,
  "acc_38.0_50_9": 0.42058107256889343,
  "mae_0_5.2_8": 1.7080661058425903,
  "mae_21.3_38.0_7": 12.574466705322266,
  "mae_50_inf_7": 21.966135025024414,
  "mse_11.2_21.3_17": 134.9500274658203,
  "acc_38.0_50_1": 0.502352237701416,
  "mae_0_5.2_20": 1.739353895187378,
  "mse_7": 173.2438507080078,
  "mse_0_5.2_12": 14.477957725524902,
  "mae_50_inf_13": 24.383480072021484,
  "mae_0_5.2_1": 1.413973331451416,
  "mae_38.0_50_7": 13.318097114562988,
  "mae_38.0_50_14": 13.479511260986328,
  "mse_38.0_50_3": 290.7265625,
  "mse_11.2_21.3_1": 93.0450210571289,
  "acc_17": 0.7303852438926697,
  "mse": 179.38059997558594,
  "acc_11.2_21.3_6": 0.4948756992816925,
  "mse_50_inf_14": 1003.232666015625,
  "acc_11.2_21.3_11": 0.46245431900024414,
  "mse_19": 211.72689819335938,
  "mse_11.2_21.3_8": 123.3962173461914,
  "mae_50_inf_19": 25.249662399291992,
  "mse_5.2_11.2_16": 64.06373596191406,
  "mse_21.3_38.0_18": 256.60845947265625,
  "mse_5.2_11.2_1": 47.54946517944336,
  "mae_21.3_38.0_13": 13.012744903564453,
  "mse_0_5.2_9": 13.018268585205078,
  "mae_38.0_50_11": 14.11380386352539,
  "acc_0_5.2_1": 0.9843512773513794,
  "mse_16": 193.348388671875,
  "mae_5.2_11.2_8": 6.127560615539551,
  "mse_38.0_50_18": 337.38922119140625,
  "mae_50_inf_6": 26.327362060546875,
  "mse_0_5.2_20": 13.89597225189209,
  "mae_21.3_38.0_5": 12.762275695800781,
  "mae_5.2_11.2_0": 4.218008995056152,
  "mse_50_inf_12": 848.5355834960938,
  "acc_11.2_21.3_14": 0.4956267774105072,