{
  "_runtime": 120219.74906730652,
  "val_loss": 0.9846890568733215,
  "mae_0": 3.4727325439453125,
  "_timestamp": 1598437120.723542,
  "val_loss_1": 0.741877019405365,
  "val_loss_0": 0.5326356291770935,
  "val_acc_0": 0.6838425993919373,
  "val_loss_5": 1.0661526918411255,
  "mae_5": 5.6307597160339355,
  "mae_3": 5.540076732635498,
  "val_loss_9": 1.1710082292556763,
  "val_acc_9": 0.6810225248336792,
  "val_loss_4": 1.0388495922088623,
  "mae_6": 5.769767761230469,
  "val_acc_5": 0.6805732846260071,
  "_step": 201,
  "mae_9": 6.046914577484131,
  "val_loss_3": 1.0055040121078491,
  "mae_8": 5.890154838562012,
  "val_loss_7": 1.1190218925476074,
  "val_acc_7": 0.6811542510986328,
  "val_acc_6": 0.6810075044631958,
  "mae_7": 5.816754341125488,
  "val_acc_2": 0.68266761302948,
  "mae_2": 5.261014938354492,
  "mae_4": 5.652710914611816,
  "val_acc_1": 0.6839606165885925,
  "val_acc_3": 0.682042121887207,
  "epoch": 99,
  "val_loss_6": 1.1061099767684937,
  "mae_1": 4.622176170349121,
  "val_loss_8": 1.143959403038025,
  "global_step": 28400,
  "val_acc_4": 0.6812686920166016,
  "val_acc_8": 0.6809940934181213,
  "val_loss_2": 0.9217719435691833,
  "train_loss": 0.666714072227478,
  "mse_8": 115.40448760986328,
  "acc_0_5.2_0": 0.9967240691184998,
  "mse_38.0_50_3": 210.00546264648438,
  "mae_50_inf_3": 17.77841567993164,
  "acc_50_inf_7": 0.3583995997905731,
  "mae_11.2_21.3_8": 7.844052314758301,
  "mae_0_5.2_0": 1.111985445022583,
  "acc_5.2_11.2_8": 0.9006236791610718,
  "mae_21.3_38.0_4": 10.194772720336914,
  "mae_38.0_50_6": 12.123092651367188,
  "mae_5.2_11.2_5": 5.096112251281738,
  "mse_7": 113.79361724853516,
  "mae_50_inf_0": 9.20672607421875,
  "mae_0_5.2_6": 1.9692599773406982,
  "mse_11.2_21.3_8": 104.51788330078125,
  "mse_38.0_50_5": 216.54246520996094,
  "acc_0_5.2_7": 0.9690680503845215,
  "acc_0_5.2_8": 0.9661070108413696,
  "acc_11.2_21.3_1": 0.8004800081253052,
  "acc_0_5.2_4": 0.9728319048881531,
  "mse_50_inf_4": 557.3295288085938,
  "mse_50_inf_5": 510.2301940917969,
  "acc_3": 0.8166536688804626,
  "mse_0_5.2_5": 14.562162399291992,
  "mae_0_5.2_5": 1.9855290651321411,
  "mae_11.2_21.3_7": 7.7381744384765625,
  "mae_21.3_38.0_7": 10.861116409301758,
  "mae_38.0_50_2": 11.129182815551758,
  "acc_5.2_11.2_1": 0.9406718611717224,
  "acc_2": 0.8261147141456604,
  "mse_5.2_11.2_8": 72.98866271972656,
  "mse_21.3_38.0_1": 118.42698669433594,
  "mae_5.2_11.2_2": 4.430246353149414,
  "mae_5.2_11.2_9": 5.236561298370361,
  "acc_5.2_11.2_3": 0.9207533597946167,
  "mse_21.3_38.0_0": 95.2122573852539,
  "mse_5.2_11.2_0": 20.70623016357422,
  "mae_38.0_50_5": 11.804964065551758,
  "acc_21.3_38.0_5": 0.5038111209869385,
  "mse_0_5.2_6": 14.643548011779785,
  "mse_38.0_50_2": 193.4117431640625,
  "mse_4": 109.79409790039062,
  "mse_21.3_38.0_6": 168.9984588623047,
  "acc_38.0_50_9": 0.4352877736091614,
  "mse_50_inf_8": 530.9903564453125,
  "mse_11.2_21.3_0": 49.660526275634766,
  "acc_38.0_50_7": 0.44768083095550537,
  "mae_0_5.2_3": 1.900720238685608,
  "acc_0_5.2_3": 0.9735745787620544,
  "acc_38.0_50_1": 0.5559226274490356,
  "acc_11.2_21.3_2": 0.7651171684265137,
  "mae_11.2_21.3_5": 7.536009788513184,
  "mse_11.2_21.3_7": 99.39681243896484,
  "mae_5.2_11.2_1": 3.961638927459717,
  "mse_0_5.2_9": 19.157886505126953,
  "acc_6": 0.8069747090339661,
  "mse_2": 96.60730743408203,
  "mse_50_inf_6": 556.5082397460938,
  "mse_38.0_50_1": 160.21607971191406,
  "mae_11.2_21.3_2": 6.698881149291992,
  "mae_38.0_50_9": 12.76283073425293,
  "acc_8": 0.8025871515274048,
  "acc_21.3_38.0_8": 0.47904086112976074,
  "mae_11.2_21.3_1": 6.171918869018555,
  "acc_21.3_38.0_9": 0.47217753529548645,
  "acc_11.2_21.3_5": 0.7067505121231079,
  "mse_11.2_21.3_9": 102.88973999023438,
  "mse_50_inf_2": 495.2446594238281,
  "mse": 99.80571746826172,
  "mse_21.3_38.0_5": 162.86184692382812,
  "acc_50_inf_1": 0.4265972077846527,
  "mse_5.2_11.2_1": 35.26723861694336,
  "mae_0_5.2_4": 1.9240670204162598,
  "acc_50_inf_8": 0.3646971881389618,
  "mse_9": 120.75492095947266,
  "mae_38.0_50_4": 11.750508308410645,
  "mae_5.2_11.2_7": 5.23793888092041,
  "mse_0": 38.285133361816406,
  "mae_5.2_11.2_6": 5.194272041320801,
  "mae_11.2_21.3_9": 7.816526412963867,
  "acc_5.2_11.2_5": 0.9089884161949158,
  "acc_5.2_11.2_0": 0.9666487574577332,
  "acc_50_inf_3": 0.3542664051055908,
  "acc_38.0_50_6": 0.46090784668922424,
  "mae_5.2_11.2_3": 4.674229621887207,
  "mae_5.2_11.2_0": 3.402003049850464,
  "acc_50_inf_9": 0.3398646116256714,
  "mse_0_5.2_8": 17.929256439208984,
  "mse_11.2_21.3_2": 73.3071517944336,
  "acc_5.2_11.2_2": 0.9249770045280457,
  "mae_21.3_38.0_2": 9.614922523498535,
  "mse_11.2_21.3_4": 83.75558471679688,
  "acc_11.2_21.3_9": 0.6943559050559998,
  "mae_38.0_50_7": 12.439102172851562,
  "mse_50_inf_0": 152.53173828125,
  "acc_0_5.2_5": 0.970867395401001,
  "acc_5.2_11.2_4": 0.9183658957481384,
  "mse_5.2_11.2_4": 54.07644271850586,
  "acc_4": 0.8121454119682312,
  "acc_21.3_38.0_7": 0.4832555651664734,
  "mae_11.2_21.3_3": 7.05577278137207,
  "acc_5.2_11.2_7": 0.9046439528465271,
  "mse_38.0_50_0": 109.66081237792969,
  "acc_50_inf_4": 0.3411494493484497,
  "mae_38.0_50_0": 8.148186683654785,
  "mse_11.2_21.3_5": 94.10005950927734,
  "mae_50_inf_8": 17.43735122680664,
  "mse_5.2_11.2_3": 51.535430908203125,
  "mae_21.3_38.0_5": 10.449602127075195,
  "mse_5.2_11.2_6": 65.48453521728516,
  "acc_21.3_38.0_4": 0.5116516947746277,
  "acc_50_inf_2": 0.37210384011268616,
  "acc_21.3_38.0_6": 0.4927390515804291,
  "acc_5.2_11.2_9": 0.9021377563476562,
  "mae_50_inf_1": 14.70930004119873,
  "mae_11.2_21.3_6": 7.664645195007324,
  "mse_5": 106.94857025146484,
  "acc_7": 0.8044113516807556,
  "mae_38.0_50_3": 11.612191200256348,
  "mae_21.3_38.0_3": 10.0459623336792,
  "mse_0_5.2_7": 16.06362533569336,
  "mse_0_5.2_0": 2.6093862056732178,
  "mse_21.3_38.0_4": 153.62503051757812,
  "mse_5.2_11.2_7": 68.30449676513672,
  "acc_21.3_38.0_3": 0.5189725756645203,
  "mse_1": 75.67771911621094,
  "mae_5.2_11.2_8": 5.321517467498779,
  "acc_5": 0.8115119338035583,
  "mse_50_inf_7": 538.9252319335938,
  "mse_6": 114.1614990234375,
  "mse_5.2_11.2_5": 63.86167907714844,
  "mse_21.3_38.0_3": 149.5881805419922,
  "acc_11.2_21.3_6": 0.6958574056625366,
  "mae_0_5.2_2": 1.7980318069458008,
  "mse_11.2_21.3_3": 79.87946319580078,
  "acc_38.0_50_0": 0.6566283702850342,
  "mae_38.0_50_1": 10.008180618286133,
  "mae_21.3_38.0_6": 10.661937713623047,
  "mae_21.3_38.0_8": 10.975550651550293,
  "mae_50_inf_5": 17.0669002532959,
  "mae_21.3_38.0_0": 7.8197550773620605,
  "mae_11.2_21.3_4": 7.221950531005859,
  "mse_5.2_11.2_9": 71.28479766845703,
  "mse_21.3_38.0_8": 179.3448486328125,
  "mae_0_5.2_1": 1.5046117305755615,
  "acc_38.0_50_3": 0.4829390048980713,
  "acc_0": 0.8935139179229736,
  "mse_0_5.2_3": 12.818497657775879,
  "mse_38.0_50_8": 243.83038330078125,
  "acc_21.3_38.0_1": 0.5919967293739319,
  "mse_38.0_50_6": 226.56155395507812,
  "mae_0_5.2_7": 2.0437707901000977,
  "mae_0_5.2_8": 2.1525161266326904,
  "mse_21.3_38.0_7": 175.09091186523438,
  "mae_50_inf_7": 17.619977951049805,
  "mae_21.3_38.0_9": 11.030479431152344,
  "acc_38.0_50_4": 0.480268657207489,
  "mse_3": 106.62975311279297,
  "mse_0_5.2_2": 11.350547790527344,
  "mse_11.2_21.3_6": 97.36296844482422,
  "acc_0_5.2_1": 0.9848484396934509,
  "acc_38.0_50_5": 0.475570410490036,
  "mae_50_inf_2": 16.914365768432617,
  "mse_11.2_21.3_1": 61.85259246826172,
  "acc_38.0_50_2": 0.5024122595787048,
  "acc_50_inf_5": 0.37330055236816406,
  "mse_50_inf_9": 571.031982421875,
  "acc_9": 0.7978894710540771,
  "mae_50_inf_6": 17.8735408782959,
  "acc_50_inf_6": 0.35445186495780945,
  "mae_50_inf_9": 18.31976890563965,
  "acc_0_5.2_2": 0.976456880569458,
  "mae_11.2_21.3_0": 5.602327346801758,
  "mse_21.3_38.0_2": 137.48544311523438,
  "acc_1": 0.8485320210456848,
  "mae_38.0_50_8": 12.630824089050293,
  "mse_5.2_11.2_2": 47.62392807006836,
  "mae_5.2_11.2_4": 4.799631595611572,
  "acc_5.2_11.2_6": 0.9066875576972961,