{
  "mae_1": 9.93637466430664,
  "val_acc_4": 0.6614832878112793,
  "val_acc_2": 0.6591121554374695,
  "val_acc_0": 0.6540511846542358,
  "mae_4": 10.21320629119873,
  "val_loss_3": 5.886512756347656,
  "val_loss_7": 5.852966785430908,
  "val_acc_9": 0.66367506980896,
  "val_loss_6": 5.747776985168457,
  "val_acc_3": 0.6601176261901855,
  "global_step": 2940,
  "val_loss_2": 5.723044395446777,
  "mae_2": 10.03403091430664,
  "mae_8": 9.911084175109863,
  "epoch": 29,
  "val_loss_4": 5.8171539306640625,
  "mae_6": 9.848856925964355,
  "val_acc_7": 0.6628249883651733,
  "val_loss_1": 5.652779579162598,
  "val_loss_8": 5.846060752868652,
  "val_loss_9": 5.780600547790527,
  "mae_7": 10.461770057678223,
  "mae_5": 12.531386375427246,
  "mae_9": 9.907328605651855,
  "mae_3": 11.28109359741211,
  "val_loss": 5.818602085113525,
  "val_acc_8": 0.6620652079582214,
  "mae_0": 9.863020896911621,
  "_runtime": 7081.984946727753,
  "val_loss_0": 5.7406182289123535,
  "_timestamp": 1602898720.9749765,
  "val_acc_1": 0.656322717666626,
  "val_loss_5": 6.138506889343262,
  "val_acc_5": 0.663890540599823,
  "_step": 61,
  "val_acc_6": 0.6648872494697571,
  "train_loss": 4.312568187713623,
  "acc_0_5.2_5": 0.9141128063201904,
  "mae_0_5.2_7": 2.120288610458374,
  "acc_50_inf_0": 0.15070828795433044,
  "mse_0_5.2_4": 108.30632781982422,
  "mse_50_inf_9": 1904.6669921875,
  "acc_11.2_21.3_0": 0.40334224700927734,
  "mae_21.3_38.0_0": 16.639760971069336,
  "acc_50_inf_5": 0.20055243372917175,
  "mse_0_5.2_6": 36.215293884277344,
  "mae_0_5.2_4": 2.849398136138916,
  "acc_5.2_11.2_9": 0.8372378349304199,
  "mse_50_inf_3": 2531.77001953125,
  "mse_50_inf_6": 1826.5892333984375,
  "mse_0_5.2_7": 19.715789794921875,
  "mae_38.0_50_8": 21.66762924194336,
  "mae_50_inf_8": 36.88302230834961,
  "mae_50_inf_7": 42.33677673339844,
  "acc_5.2_11.2_5": 0.7764574289321899,
  "acc_0_5.2_9": 0.933685302734375,
  "acc_5.2_11.2_2": 0.8533668518066406,
  "acc_50_inf_6": 0.12306194007396698,
  "mae_5.2_11.2_2": 6.774480819702148,
  "mae_0_5.2_0": 2.4496443271636963,
  "mae_38.0_50_2": 22.2337646484375,
  "mse_5.2_11.2_0": 95.85883331298828,
  "acc_38.0_50_4": 0.2296563684940338,
  "mae_50_inf_3": 42.33292770385742,
  "mae_50_inf_6": 36.00445556640625,
  "acc_21.3_38.0_0": 0.25294867157936096,
  "acc_21.3_38.0_2": 0.2623494863510132,
  "mse_21.3_38.0_8": 358.01580810546875,
  "mse_0_5.2_2": 28.640766143798828,
  "acc_0_5.2_6": 0.9294628500938416,
  "acc_38.0_50_3": 0.17084315419197083,
  "mse_5.2_11.2_5": 4596.84326171875,
  "mae_50_inf_2": 37.577335357666016,
  "acc_38.0_50_7": 0.15607081353664398,
  "mae_21.3_38.0_9": 16.6044864654541,
  "mae_50_inf_9": 36.655235290527344,
  "acc_11.2_21.3_4": 0.4256364703178406,
  "mae_21.3_38.0_7": 17.426559448242188,
  "mse_50_inf_1": 1864.3306884765625,
  "acc_9": 0.6962787508964539,
  "acc_5": 0.6887926459312439,
  "mse_5": 4489.29443359375,
  "mse_50_inf_2": 1942.92724609375,
  "mae_38.0_50_5": 23.817583084106445,
  "mse_11.2_21.3_2": 142.72755432128906,
  "mse_21.3_38.0_2": 346.6840515136719,
  "mae_38.0_50_4": 22.01952362060547,
  "acc_38.0_50_9": 0.22930090129375458,
  "acc_21.3_38.0_1": 0.23913823068141937,
  "mae_38.0_50_9": 21.888330459594727,
  "acc_38.0_50_2": 0.20777317881584167,
  "mse_0_5.2_5": 4499.43212890625,
  "acc_4": 0.6941089630126953,
  "mae_38.0_50_3": 24.50618553161621,
  "mae_38.0_50_1": 22.41135597229004,
  "acc_5.2_11.2_8": 0.8425105810165405,
  "mae_0_5.2_9": 2.549834728240967,
  "acc_0_5.2_1": 0.9437994360923767,
  "acc_0_5.2_0": 0.9387101531028748,
  "mae_0_5.2_1": 2.361363649368286,
  "mse_50_inf_8": 1911.302490234375,
  "mse_0_5.2_3": 507.4800720214844,
  "mse_1": 341.3049621582031,
  "mae_11.2_21.3_9": 10.660524368286133,
  "mae_21.3_38.0_6": 16.328153610229492,
  "mse_8": 341.0721435546875,
  "acc_0_5.2_2": 0.9334471821784973,
  "mae_21.3_38.0_4": 16.634159088134766,
  "acc_11.2_21.3_6": 0.41788727045059204,
  "mse_5.2_11.2_2": 78.08311462402344,
  "mae_0_5.2_5": 5.80610466003418,
  "mae_11.2_21.3_1": 10.676737785339355,
  "acc_0_5.2_4": 0.9336279034614563,
  "mse_38.0_50_2": 650.8427124023438,
  "acc_0": 0.6954116821289062,
  "mae_5.2_11.2_9": 7.267410755157471,
  "mae_21.3_38.0_1": 16.976112365722656,
  "acc_21.3_38.0_5": 0.27676117420196533,
  "acc_21.3_38.0_6": 0.2645089030265808,
  "mse_0_5.2_8": 32.31405258178711,
  "acc_11.2_21.3_8": 0.4167502224445343,
  "acc_0_5.2_8": 0.9357678294181824,
  "mae_21.3_38.0_2": 16.281862258911133,
  "mse_38.0_50_4": 688.3934326171875,
  "mse_5.2_11.2_9": 100.6653823852539,
  "acc_11.2_21.3_2": 0.45206764340400696,
  "mse_38.0_50_9": 648.0531616210938,
  "mse_38.0_50_6": 613.4575805664062,
  "mae_50_inf_1": 36.14885330200195,
  "acc_7": 0.6952256560325623,
  "mse_5.2_11.2_6": 100.7643051147461,
  "acc_21.3_38.0_4": 0.2671530842781067,
  "mse_21.3_38.0_9": 357.76715087890625,
  "mae_5.2_11.2_7": 6.199944972991943,
  "mse_5.2_11.2_1": 92.61061096191406,
  "mae_38.0_50_0": 21.40077018737793,
  "acc_21.3_38.0_8": 0.2480975091457367,
  "acc_5.2_11.2_0": 0.8385156989097595,
  "acc_50_inf_2": 0.10476969182491302,
  "mae_11.2_21.3_7": 10.230460166931152,
  "mse_0": 334.9485778808594,
  "mae_38.0_50_6": 21.147802352905273,
  "mae_5.2_11.2_0": 7.264354228973389,
  "acc_38.0_50_0": 0.2461811751127243,
  "acc_50_inf_9": 0.1259075552225113,
  "mse_38.0_50_8": 642.3723754882812,
  "mse_0_5.2_0": 31.527902603149414,
  "mse_38.0_50_1": 673.0628662109375,
  "acc_21.3_38.0_3": 0.23005175590515137,
  "mae_50_inf_4": 36.954345703125,
  "mae_0_5.2_2": 2.4787166118621826,
  "acc_5.2_11.2_7": 0.8867782354354858,
  "mae_11.2_21.3_8": 10.674901008605957,
  "mse_11.2_21.3_1": 161.30224609375,
  "mae_5.2_11.2_4": 7.629674911499023,
  "mse_11.2_21.3_6": 161.64410400390625,
  "acc_38.0_50_8": 0.24271175265312195,
  "acc_5.2_11.2_1": 0.8558428883552551,
  "mae_11.2_21.3_6": 10.710588455200195,
  "mae_5.2_11.2_1": 6.993580341339111,
  "mae_5.2_11.2_3": 7.208571434020996,
  "mse_50_inf_0": 1819.179931640625,
  "mse_21.3_38.0_3": 614.4950561523438,
  "mse_11.2_21.3_9": 161.27096557617188,
  "mse_38.0_50_5": 3764.271728515625,
  "mae_0_5.2_6": 2.626939535140991,
  "acc_50_inf_1": 0.13506241142749786,
  "mse_6": 331.9146728515625,
  "acc_50_inf_8": 0.12278863787651062,
  "mse_50_inf_5": 5558.89306640625,
  "mae_0_5.2_3": 3.1531383991241455,
  "mae_5.2_11.2_5": 11.78530502319336,
  "acc_11.2_21.3_5": 0.3927738070487976,
  "acc_0_5.2_3": 0.9436637163162231,
  "mse": 812.5059204101562,
  "acc_5.2_11.2_4": 0.8375124931335449,
  "acc_6": 0.6939736604690552,
  "acc_50_inf_7": 0.05926436185836792,
  "mse_11.2_21.3_8": 159.3197784423828,
  "mse_21.3_38.0_5": 3939.623046875,
  "mae_50_inf_0": 35.282798767089844,
  "mse_38.0_50_0": 629.424560546875,
  "mse_50_inf_4": 1930.6737060546875,
  "acc_38.0_50_5": 0.23371699452400208,
  "acc_50_inf_3": 0.04993687570095062,
  "mse_38.0_50_7": 762.5918579101562,
  "acc_11.2_21.3_9": 0.42368125915527344,
  "acc_11.2_21.3_3": 0.4470697045326233,
  "mse_3": 811.7003173828125,
  "mse_0_5.2_9": 33.578575134277344,
  "acc_5.2_11.2_6": 0.8265214562416077,
  "mae_11.2_21.3_0": 10.885282516479492,
  "mse_4": 404.9425048828125,
  "mae_11.2_21.3_4": 10.878480911254883,
  "mse_2": 344.4346008300781,
  "acc_2": 0.6922091245651245,
  "mae_5.2_11.2_8": 7.147049903869629,
  "mae_11.2_21.3_5": 14.550692558288574,
  "acc_8": 0.6965531706809998,
  "mae_0_5.2_8": 2.4913852214813232,
  "acc_21.3_38.0_7": 0.21408674120903015,
  "mse_11.2_21.3_5": 3660.247802734375,
  "acc_0_5.2_7": 0.9511800408363342,
  "mae_21.3_38.0_8": 16.634113311767578,
  "mae_38.0_50_7": 24.65149688720703,
  "mse_11.2_21.3_7": 135.88992309570312,
  "mae_11.2_21.3_2": 10.083620071411133,
  "mse_5.2_11.2_4": 180.67100524902344,
  "acc_38.0_50_1": 0.220249205827713,
  "mse_7": 384.8890075683594,
  "acc_11.2_21.3_7": 0.4177097678184509,
  "mse_21.3_38.0_7": 381.06500244140625,
  "mse_21.3_38.0_1": 371.2127990722656,
  "mse_5.2_11.2_3": 580.821533203125,
  "acc_3": 0.6894575357437134,
  "mse_5.2_11.2_7": 60.893123626708984,