{
  "val_acc_11": 0.6229396462440491,
  "val_acc_6": 0.6131638884544373,
  "val_acc_0": 0.6181677579879761,
  "val_acc_8": 0.6198952794075012,
  "mae_4": 6.7856855392456055,
  "_runtime": 15687.241036653519,
  "mae_2": 6.384578227996826,
  "mae_5": 7.565979957580566,
  "val_loss_9": 3.6130247116088867,
  "mae_11": 7.295595645904541,
  "mae_13": 7.756636619567871,
  "val_loss_12": 3.6612517833709717,
  "val_loss_4": 3.38411283493042,
  "mae_3": 9.21575927734375,
  "val_loss_0": 1.6853625774383545,
  "_step": 61,
  "epoch": 29,
  "_timestamp": 1603015646.165632,
  "val_acc_1": 0.6178345084190369,
  "val_loss": 3.3505818843841553,
  "val_loss_11": 3.746863842010498,
  "val_loss_3": 3.596684455871582,
  "mae_8": 12.004060745239258,
  "val_acc_4": 0.6108995079994202,
  "val_loss_5": 3.3662161827087402,
  "val_loss_2": 2.872689962387085,
  "val_loss_13": 3.947634696960449,
  "global_step": 2220,
  "mae_9": 7.555205345153809,
  "mae_12": 7.534846305847168,
  "mae_0": 7.428781509399414,
  "val_acc_13": 0.6284248232841492,
  "val_acc_5": 0.6120686531066895,
  "val_acc_7": 0.6177409291267395,
  "val_acc_2": 0.6130732297897339,
  "val_loss_6": 3.521965503692627,
  "mae_10": 7.628251552581787,
  "val_loss_10": 3.5998694896698,
  "val_acc_3": 0.6125956177711487,
  "val_acc_12": 0.6251068115234375,
  "val_loss_7": 3.586760997772217,
  "val_acc_10": 0.6182867288589478,
  "val_acc_9": 0.6177317500114441,
  "val_loss_1": 2.291220188140869,
  "mae_6": 7.915672779083252,
  "val_loss_8": 4.034487247467041,
  "mae_7": 7.520635604858398,
  "mae_1": 5.7226881980896,
  "train_loss": 3.1872074604034424,
  "mae_11.2_21.3_12": 10.26088809967041,
  "mae_38.0_50_0": 14.664329528808594,
  "mse_21.3_38.0_5": 210.96449279785156,
  "acc_11.2_21.3_11": 0.4136849641799927,
  "acc_38.0_50_9": 0.47192007303237915,
  "acc_50_inf_13": 0.35606491565704346,
  "acc_10": 0.7327558398246765,
  "mse_38.0_50_0": 270.01715087890625,
  "acc_50_inf_7": 0.35947325825691223,
  "mae_21.3_38.0_6": 15.133723258972168,
  "mse_3": 263.1191711425781,
  "mae_11.2_21.3_2": 8.75246810913086,
  "acc_50_inf_3": 0.03194152191281319,
  "acc_21.3_38.0_4": 0.42182788252830505,
  "mse_38.0_50_13": 322.2315673828125,
  "mse_11.2_21.3_7": 216.13160705566406,
  "mae_11.2_21.3_10": 9.979052543640137,
  "mae_5.2_11.2_11": 7.7454633712768555,
  "mse_38.0_50_5": 271.55645751953125,
  "acc_21.3_38.0_12": 0.4149927496910095,
  "acc_21.3_38.0_1": 0.5267927050590515,
  "mae_0_5.2_9": 1.8315610885620117,
  "mse_21.3_38.0_10": 231.35585021972656,
  "acc_0_5.2_3": 0.9747220873832703,
  "mse_0_5.2_2": 11.83217716217041,
  "mse_5.2_11.2_4": 80.630859375,
  "mae_11.2_21.3_13": 11.529340744018555,
  "mae_0_5.2_1": 1.5439441204071045,
  "acc_0_5.2_5": 0.9765751361846924,
  "mse_11.2_21.3_1": 96.44873046875,
  "mse_38.0_50_11": 268.206298828125,
  "mse_0_5.2_1": 10.207634925842285,
  "mae_0_5.2_11": 2.2916812896728516,
  "mse_0_5.2_12": 20.455476760864258,
  "acc_5.2_11.2_7": 0.8759002685546875,
  "mse_5.2_11.2_11": 127.83871459960938,
  "mse_4": 136.9993896484375,
  "mae_11.2_21.3_11": 11.29971694946289,
  "acc_50_inf_12": 0.27431488037109375,
  "mse_5.2_11.2_1": 51.021636962890625,
  "mae_50_inf_8": 29.479459762573242,
  "mae_38.0_50_3": 17.081594467163086,
  "mae_50_inf_12": 21.79377555847168,
  "acc_0_5.2_8": 0.9498622417449951,
  "mse_38.0_50_8": 1100.8355712890625,
  "mse_21.3_38.0_4": 243.75115966796875,
  "mse_21.3_38.0_3": 216.23545837402344,
  "acc_11": 0.7403197884559631,
  "mse_50_inf_4": 465.8370666503906,
  "acc_3": 0.6920982599258423,
  "mae_38.0_50_10": 13.302640914916992,
  "mae_21.3_38.0_0": 10.82955265045166,
  "mae_50_inf_9": 22.721078872680664,
  "mse_21.3_38.0_6": 356.6591491699219,
  "mae_11.2_21.3_3": 8.549116134643555,
  "acc_0": 0.7381206154823303,
  "acc_0_5.2_9": 0.9695175886154175,
  "acc_50_inf_8": 0.16166914999485016,
  "acc_11.2_21.3_3": 0.5503473281860352,
  "mae_21.3_38.0_8": 20.048784255981445,
  "mae_5.2_11.2_10": 6.6103363037109375,
  "mse_8": 916.7321166992188,
  "acc_21.3_38.0_7": 0.4256475865840912,
  "mae_11.2_21.3_6": 11.171699523925781,
  "acc_38.0_50_11": 0.43100810050964355,
  "mae_11.2_21.3_0": 6.664617538452148,
  "mse_0_5.2_3": 14.34552001953125,
  "acc_12": 0.7362327575683594,
  "acc_5.2_11.2_5": 0.9128668904304504,
  "mse_11.2_21.3_9": 134.4072265625,
  "mae_11.2_21.3_1": 8.050776481628418,
  "mae_21.3_38.0_10": 12.70001220703125,
  "acc_0_5.2_11": 0.9557873606681824,
  "mse_9": 179.3370361328125,
  "acc_7": 0.7450122237205505,
  "mse_38.0_50_6": 481.7857666015625,
  "acc_6": 0.7208262085914612,
  "mae_50_inf_5": 23.287796020507812,
  "mae_38.0_50_12": 13.12453556060791,
  "mae_50_inf_6": 19.354251861572266,
  "acc_5.2_11.2_13": 0.8416847586631775,
  "acc_11.2_21.3_6": 0.44342875480651855,
  "acc_38.0_50_3": 0.1988217979669571,
  "mse_0_5.2_0": 3.7327253818511963,
  "mse_11.2_21.3_8": 907.2899169921875,
  "acc_38.0_50_8": 0.20895732939243317,
  "mse_11.2_21.3_5": 116.20503997802734,
  "mse_11.2_21.3_10": 136.6182403564453,
  "acc_13": 0.7316371202468872,
  "acc_21.3_38.0_11": 0.397498220205307,
  "mae_50_inf_2": 17.002674102783203,
  "mse_50_inf_6": 593.7738037109375,
  "mse_21.3_38.0_8": 760.993408203125,
  "mae_21.3_38.0_3": 12.795035362243652,
  "mae_0_5.2_13": 2.7371184825897217,
  "mae_50_inf_7": 18.56186866760254,
  "mae_21.3_38.0_2": 11.235796928405762,
  "mae_38.0_50_4": 13.202040672302246,
  "acc_38.0_50_2": 0.49642398953437805,
  "acc_50_inf_11": 0.39074942469596863,
  "acc_21.3_38.0_10": 0.41001400351524353,
  "mse_38.0_50_9": 255.7773895263672,
  "mse_1": 103.89118194580078,
  "acc_38.0_50_5": 0.40468278527259827,
  "mae_38.0_50_11": 13.142708778381348,
  "mae_21.3_38.0_9": 12.206319808959961,
  "mae_0_5.2_3": 1.8012737035751343,
  "acc_21.3_38.0_0": 0.436848908662796,
  "mae_11.2_21.3_4": 10.193241119384766,
  "mae_38.0_50_6": 17.59552001953125,
  "acc_11.2_21.3_0": 0.747674822807312,
  "acc_5.2_11.2_12": 0.869777262210846,
  "mse_21.3_38.0_0": 156.3311767578125,
  "acc_11.2_21.3_4": 0.4618374705314636,
  "mse_0_5.2_10": 16.260873794555664,
  "mse_0_5.2_8": 813.3543701171875,
  "acc_5.2_11.2_11": 0.8454239368438721,
  "mse_2": 126.97047424316406,
  "mse_38.0_50_10": 277.06280517578125,
  "mse_5.2_11.2_3": 42.36252212524414,
  "mae_11.2_21.3_7": 10.533135414123535,
  "mae_0_5.2_5": 1.6540148258209229,
  "acc_5.2_11.2_8": 0.8280714154243469,
  "acc_11.2_21.3_10": 0.4550607204437256,
  "mse_11": 164.90023803710938,
  "mae_5.2_11.2_13": 8.149259567260742,
  "acc_0_5.2_12": 0.9637712240219116,
  "mse_50_inf_9": 807.844482421875,
  "mse_50_inf_3": 1359.362060546875,
  "acc_38.0_50_0": 0.24719928205013275,
  "acc_5.2_11.2_3": 0.9427198171615601,
  "mae_0_5.2_0": 1.2257558107376099,
  "acc_11.2_21.3_2": 0.564175546169281,
  "mse_21.3_38.0_1": 153.4721221923828,
  "mae_50_inf_4": 16.321022033691406,
  "mse_0": 180.65846252441406,
  "mse_0_5.2_7": 119.27063751220703,
  "mse_21.3_38.0_11": 264.39398193359375,
  "mse_5.2_11.2_13": 194.72410583496094,
  "acc_50_inf_1": 0.4410739839076996,
  "mse_13": 214.51528930664062,
  "acc_38.0_50_1": 0.5607502460479736,
  "mae_11.2_21.3_5": 9.31399154663086,
  "acc_21.3_38.0_3": 0.3549947142601013,
  "mae_5.2_11.2_8": 10.57893180847168,
  "acc_0_5.2_2": 0.9776979088783264,
  "acc_50_inf_10": 0.24977922439575195,
  "mse_10": 184.01869201660156,
  "acc_21.3_38.0_2": 0.46751585602760315,
  "mse_38.0_50_2": 208.51467895507812,
  "acc_21.3_38.0_9": 0.4405735433101654,
  "mse_21.3_38.0_12": 232.78665161132812,
  "mse_21.3_38.0_7": 244.17881774902344,
  "mse_6": 189.96453857421875,
  "mae_38.0_50_8": 26.663002014160156,
  "acc_50_inf_0": 0.0708150640130043,
  "mae_38.0_50_9": 12.542529106140137,
  "mse_50_inf_10": 816.574951171875,
  "acc_21.3_38.0_13": 0.37245333194732666,
  "mse_38.0_50_1": 162.0194091796875,
  "mae_0_5.2_4": 1.7943332195281982,
  "mse_0_5.2_5": 11.50460147857666,
  "mae_21.3_38.0_4": 12.738022804260254,
  "mse_50_inf_2": 512.5369262695312,
  "acc_38.0_50_10": 0.43107905983924866,
  "mae_5.2_11.2_5": 5.892096519470215,