{
  "mae_3": 21.749711990356445,
  "val_loss_13": 2.2168726921081543,
  "mae_0": 11.314496994018555,
  "val_loss_6": 2.3010482788085938,
  "val_loss": 2.8321738243103027,
  "val_loss_5": 3.199265480041504,
  "val_acc_6": 0.6334593892097473,
  "val_loss_10": 5.173303604125977,
  "val_acc_13": 0.6384758353233337,
  "val_acc_4": 0.6301634907722473,
  "mae_1": 12.205951690673828,
  "_timestamp": 1603008556.6144412,
  "mae_6": 12.164311408996582,
  "mae_4": 12.63148307800293,
  "_step": 61,
  "val_loss_2": 2.361445426940918,
  "mae_5": 30.633256912231445,
  "val_loss_4": 2.3020339012145996,
  "val_acc_1": 0.6262374520301819,
  "val_acc_11": 0.6297013163566589,
  "val_loss_0": 2.4151535034179688,
  "val_loss_1": 2.3358922004699707,
  "val_acc_5": 0.6263725161552429,
  "mae_10": 11.03551959991455,
  "mae_8": 11.121944427490234,
  "val_loss_7": 3.047314167022705,
  "val_acc_7": 0.6316812634468079,
  "mae_13": 10.75610065460205,
  "val_loss_11": 4.068037033081055,
  "val_acc_0": 0.6204282641410828,
  "val_acc_12": 0.6394729018211365,
  "global_step": 2220,
  "val_loss_8": 2.8945693969726562,
  "mae_9": 10.768176078796387,
  "val_acc_10": 0.6233901977539062,
  "mae_12": 11.154025077819824,
  "val_loss_12": 2.2192766666412354,
  "mae_7": 11.52655029296875,
  "_runtime": 8512.868769645691,
  "epoch": 29,
  "val_acc_8": 0.6312376856803894,
  "val_acc_9": 0.6341755986213684,
  "val_loss_3": 2.9630126953125,
  "val_acc_2": 0.6299734711647034,
  "val_loss_9": 2.153205394744873,
  "val_acc_3": 0.6245664358139038,
  "mae_11": 11.675283432006836,
  "mae_2": 13.321919441223145,
  "train_loss": 2.0473382472991943,
  "acc_50_inf_12": 0.13799172639846802,
  "mse_21.3_38.0_10": 309.8723449707031,
  "acc_0_5.2_3": 0.8329004049301147,
  "mae_0_5.2_8": 4.9436492919921875,
  "acc_5.2_11.2_12": 0.8438286185264587,
  "mae_38.0_50_5": 29.307941436767578,
  "acc_0_5.2_6": 0.8646419048309326,
  "mse_7": 368.8670349121094,
  "acc_3": 0.6181914806365967,
  "acc_38.0_50_1": 0.2174084335565567,
  "mae_50_inf_1": 36.43669128417969,
  "mae_21.3_38.0_4": 14.941323280334473,
  "mse_21.3_38.0_8": 279.25396728515625,
  "acc_11.2_21.3_11": 0.6295040845870972,
  "mse_50_inf_5": 18507.9296875,
  "mse_11.2_21.3_13": 167.45245361328125,
  "acc_11.2_21.3_2": 0.7131796479225159,
  "mse_21.3_38.0_12": 261.5279235839844,
  "mse_38.0_50_11": 546.61474609375,
  "mae_11.2_21.3_12": 8.971120834350586,
  "mse_50_inf_12": 1632.4796142578125,
  "acc_50_inf_0": 0.1784898340702057,
  "mse_11.2_21.3_4": 203.623779296875,
  "mae_50_inf_11": 38.06843185424805,
  "mse_21.3_38.0_2": 241.78724670410156,
  "acc_11.2_21.3_6": 0.5882796049118042,
  "acc_21.3_38.0_3": 0.286131888628006,
  "mse_11": 372.0442199707031,
  "mae_5.2_11.2_13": 7.068981170654297,
  "mse_11.2_21.3_2": 80.43684387207031,
  "mse_0_5.2_2": 110.19757843017578,
  "mse_5.2_11.2_5": 23497.75,
  "mse_3": 9512.1982421875,
  "acc_38.0_50_11": 0.20400966703891754,
  "mae_21.3_38.0_2": 13.688647270202637,
  "mae_5.2_11.2_3": 7.972498893737793,
  "acc_5.2_11.2_13": 0.82992023229599,
  "acc_38.0_50_8": 0.256605327129364,
  "acc_0_5.2_11": 0.8932823538780212,
  "acc_11.2_21.3_1": 0.6632118821144104,
  "mse_11.2_21.3_7": 103.31444549560547,
  "mae_38.0_50_7": 20.409868240356445,
  "acc_50_inf_9": 0.1828833818435669,
  "mae_38.0_50_11": 20.515140533447266,
  "mse_5.2_11.2_13": 121.12409973144531,
  "acc_21.3_38.0_11": 0.2997337281703949,
  "acc_50_inf_11": 0.07557980716228485,
  "acc_11.2_21.3_5": 0.5310255289077759,
  "mse_38.0_50_0": 644.8543701171875,
  "acc_8": 0.6666088104248047,
  "mse_50_inf_10": 1629.1234130859375,
  "mse_0_5.2_9": 74.21854400634766,
  "acc_11.2_21.3_10": 0.550125241279602,
  "mae_0_5.2_4": 7.516922950744629,
  "mae_50_inf_5": 36.9808235168457,
  "acc_11.2_21.3_8": 0.5830928683280945,
  "mae_50_inf_7": 37.69966125488281,
  "mae_38.0_50_2": 20.669330596923828,
  "acc_38.0_50_10": 0.21852681040763855,
  "acc_5.2_11.2_3": 0.8928130269050598,
  "acc_21.3_38.0_5": 0.3277169167995453,
  "mse_38.0_50_7": 544.2744750976562,
  "mse_50_inf_8": 1598.4422607421875,
  "acc_50_inf_10": 0.15640324354171753,
  "mse_13": 320.0526428222656,
  "mse_5.2_11.2_9": 93.77346801757812,
  "mse_38.0_50_5": 25163.80859375,
  "acc_0_5.2_2": 0.8359801769256592,
  "acc_5.2_11.2_8": 0.8561742901802063,
  "mae_5.2_11.2_7": 5.143408298492432,
  "mse_38.0_50_3": 5388.30078125,
  "mae_11.2_21.3_1": 8.05041790008545,
  "acc_7": 0.6578304171562195,
  "mae_11.2_21.3_5": 19.874691009521484,
  "acc_5.2_11.2_7": 0.880125880241394,
  "mae_38.0_50_3": 26.3594913482666,
  "acc_21.3_38.0_0": 0.27416881918907166,
  "mae_11.2_21.3_13": 10.351977348327637,
  "mse": 4249.015625,
  "acc_0_5.2_0": 0.8898529410362244,
  "mae_5.2_11.2_6": 5.947244167327881,
  "mae_50_inf_6": 34.04130554199219,
  "acc_0_5.2_9": 0.8765131235122681,
  "mse_9": 318.5503234863281,
  "mae_50_inf_4": 33.241607666015625,
  "acc_21.3_38.0_13": 0.30516517162323,
  "mse_50_inf_6": 1644.1619873046875,
  "mae_21.3_38.0_8": 14.491596221923828,
  "acc_11.2_21.3_3": 0.700088620185852,
  "acc_38.0_50_6": 0.2338177114725113,
  "mse_50_inf_13": 1315.4281005859375,
  "acc_11.2_21.3_12": 0.5892674326896667,
  "mae_38.0_50_12": 18.865802764892578,
  "acc_12": 0.663621187210083,
  "mse_5.2_11.2_6": 126.98285675048828,
  "acc_5.2_11.2_2": 0.8867124319076538,
  "acc_11": 0.6609838604927063,
  "mse_21.3_38.0_5": 21940.71875,
  "mse_50_inf_9": 1415.740966796875,
  "mse_50_inf_2": 2075.431396484375,
  "mse_0_5.2_13": 92.05316925048828,
  "mse_10": 345.14361572265625,
  "mse_0_5.2_6": 235.68577575683594,
  "acc_6": 0.6499419212341309,
  "acc_38.0_50_9": 0.23653368651866913,
  "mse_21.3_38.0_6": 312.30859375,
  "acc_11.2_21.3_9": 0.5400395393371582,
  "mse_11.2_21.3_0": 197.32717895507812,
  "mae_50_inf_0": 29.9164981842041,
  "mse_0_5.2_11": 55.42336654663086,
  "mae_21.3_38.0_0": 16.78354263305664,
  "mse_11.2_21.3_9": 140.68263244628906,
  "mse_38.0_50_6": 509.2622985839844,
  "mae_21.3_38.0_7": 14.656611442565918,
  "mae_0_5.2_13": 4.9053473472595215,
  "acc_5.2_11.2_10": 0.8674792051315308,
  "acc_50_inf_1": 0.09604720026254654,
  "mse_50_inf_11": 1924.1300048828125,
  "acc_0_5.2_1": 0.8654136657714844,
  "acc_21.3_38.0_7": 0.2930617034435272,
  "mae_5.2_11.2_5": 16.541244506835938,
  "acc_38.0_50_3": 0.14545373618602753,
  "mse_38.0_50_4": 558.1290283203125,
  "acc_2": 0.6244178414344788,
  "mse_0_5.2_5": 66185.7109375,
  "mae_50_inf_3": 44.21854019165039,
  "mse_0_5.2_7": 53.152774810791016,
  "mse_8": 338.8801574707031,
  "mse_21.3_38.0_11": 266.1255798339844,
  "mse_38.0_50_2": 530.0557250976562,
  "acc_0_5.2_13": 0.8750520348548889,
  "mae_38.0_50_10": 20.412628173828125,
  "mae_11.2_21.3_3": 11.748353004455566,
  "acc_5.2_11.2_11": 0.8764144778251648,
  "mae_38.0_50_0": 21.716983795166016,
  "mae_11.2_21.3_2": 7.433422565460205,
  "mse_11.2_21.3_8": 121.93762969970703,
  "acc_5.2_11.2_9": 0.8482366800308228,
  "acc_0_5.2_10": 0.900172770023346,
  "acc_21.3_38.0_6": 0.30285242199897766,
  "acc_50_inf_13": 0.1881568282842636,
  "acc_21.3_38.0_9": 0.3157722055912018,
  "mae_0_5.2_6": 6.603440761566162,
  "acc_21.3_38.0_1": 0.2851010262966156,
  "mae_0_5.2_9": 4.8025336265563965,
  "mse_50_inf_7": 1876.27099609375,
  "mae_0_5.2_0": 4.853057861328125,
  "mae_50_inf_2": 41.13032150268555,
  "mae_11.2_21.3_9": 9.652210235595703,
  "acc_10": 0.668287456035614,
  "mae_0_5.2_12": 5.020860195159912,
  "mae_11.2_21.3_6": 9.344003677368164,
  "mse_5.2_11.2_12": 83.26155090332031,
  "mse_21.3_38.0_0": 403.13934326171875,
  "acc_21.3_38.0_4": 0.30111733078956604,
  "mse_0_5.2_0": 94.81723022460938,
  "mae_0_5.2_7": 4.534756660461426,
  "acc_21.3_38.0_2": 0.3056665360927582,
  "mae_38.0_50_8": 18.818639755249023,
  "mae_5.2_11.2_9": 6.341324806213379,
  "acc_5.2_11.2_6": 0.8661177754402161,
  "acc_38.0_50_7": 0.20830972492694855,
  "acc_21.3_38.0_12": 0.3235940933227539,
  "acc_38.0_50_0": 0.2134457677602768,
  "acc_5.2_11.2_0": 0.8670269846916199,
  "mae_50_inf_12": 33.809146881103516,
  "mae_0_5.2_11": 4.943150043487549,