{
  "val_loss_6": 2.223503589630127,
  "mae_5": 24.704225540161133,
  "val_loss_0": 2.2011027336120605,
  "val_acc_9": 0.6367390751838684,
  "val_loss_9": 2.111252546310425,
  "val_acc_11": 0.6317265033721924,
  "val_loss_7": 2.534653425216675,
  "val_loss_5": 2.7579052448272705,
  "val_acc_1": 0.6275408864021301,
  "mae_1": 11.385411262512207,
  "val_loss_12": 2.1621310710906982,
  "mae_7": 10.851933479309082,
  "val_acc_7": 0.6332194805145264,
  "mae_10": 10.925180435180664,
  "_runtime": 8534.942903995514,
  "epoch": 29,
  "val_acc_6": 0.6349305510520935,
  "val_loss": 2.4836642742156982,
  "val_loss_1": 2.178149938583374,
  "mae_11": 11.246224403381348,
  "mae_9": 10.776802062988281,
  "mae_13": 10.89959716796875,
  "mae_6": 11.600621223449707,
  "val_loss_3": 2.6687629222869873,
  "val_loss_2": 2.3712897300720215,
  "val_acc_12": 0.6404542326927185,
  "_timestamp": 1603029723.318588,
  "val_loss_10": 3.630373477935791,
  "global_step": 2220,
  "mae_0": 11.359443664550781,
  "val_loss_11": 3.1276204586029053,
  "val_acc_13": 0.6414815783500671,
  "val_loss_8": 2.4364781379699707,
  "mae_2": 12.420178413391113,
  "mae_4": 11.881871223449707,
  "val_acc_2": 0.6301751136779785,
  "mae_3": 18.005037307739258,
  "val_acc_3": 0.6273460388183594,
  "val_loss_13": 2.134523391723633,
  "_step": 61,
  "val_acc_4": 0.6323249340057373,
  "mae_12": 10.872642517089844,
  "val_acc_5": 0.630166232585907,
  "val_acc_8": 0.6339880228042603,
  "val_loss_4": 2.2335519790649414,
  "val_acc_10": 0.6285293102264404,
  "mae_8": 10.86795425415039,
  "val_acc_0": 0.6230877637863159,
  "train_loss": 2.0213003158569336,
  "mae_50_inf_8": 28.525968551635742,
  "mae_0_5.2_10": 5.533321857452393,
  "acc_50_inf_6": 0.2156137228012085,
  "acc_0_5.2_4": 0.8227352499961853,
  "acc_21.3_38.0_10": 0.3692105710506439,
  "mse_5.2_11.2_4": 167.09156799316406,
  "acc_0_5.2_3": 0.8107826113700867,
  "mae_11.2_21.3_8": 9.474479675292969,
  "mae_21.3_38.0_12": 12.994564056396484,
  "mse_38.0_50_1": 373.232177734375,
  "mse_50_inf_2": 1669.9766845703125,
  "mse_0_5.2_3": 10813.5400390625,
  "mae_38.0_50_11": 17.927072525024414,
  "mse_5.2_11.2_13": 181.0803985595703,
  "mse_50_inf_10": 1445.45458984375,
  "acc_50_inf_2": 0.09862863272428513,
  "acc_11.2_21.3_9": 0.5637758374214172,
  "acc_50_inf_0": 0.2249029576778412,
  "mse_5.2_11.2_10": 108.5016860961914,
  "mse_5.2_11.2_8": 122.26817321777344,
  "mse_21.3_38.0_12": 242.39974975585938,
  "mae_21.3_38.0_3": 14.469733238220215,
  "acc_6": 0.655307412147522,
  "acc_38.0_50_13": 0.31347766518592834,
  "mse_50_inf_1": 1317.447021484375,
  "acc_10": 0.6624220013618469,
  "mae_38.0_50_3": 19.054351806640625,
  "acc_38.0_50_4": 0.31631770730018616,
  "mse_11.2_21.3_9": 197.6751708984375,
  "mse_50_inf_4": 1234.34130859375,
  "mse_11.2_21.3_1": 122.54353332519531,
  "acc_0_5.2_11": 0.8631832003593445,
  "acc_4": 0.6476261019706726,
  "acc_11.2_21.3_11": 0.6520367860794067,
  "mse_5": 34908.68359375,
  "mse_12": 302.7882995605469,
  "mse_21.3_38.0_5": 12523.4130859375,
  "mae_21.3_38.0_0": 15.974590301513672,
  "mse_5.2_11.2_5": 15959.310546875,
  "mse_11.2_21.3_11": 112.56131744384766,
  "mae_0_5.2_8": 6.03054666519165,
  "acc_38.0_50_12": 0.2886101007461548,
  "acc_11.2_21.3_5": 0.5513111352920532,
  "acc_21.3_38.0_7": 0.36949023604393005,
  "mse_0_5.2_12": 96.95954132080078,
  "acc_13": 0.6456923484802246,
  "acc_5.2_11.2_0": 0.789609432220459,
  "mae_0_5.2_4": 7.984006404876709,
  "acc_5.2_11.2_11": 0.8285837769508362,
  "mse_11.2_21.3_4": 190.8716278076172,
  "acc_11.2_21.3_8": 0.6126453876495361,
  "mae_21.3_38.0_9": 14.0542631149292,
  "mse_50_inf_13": 1074.386474609375,
  "mse_50_inf_7": 1421.046875,
  "mae_5.2_11.2_0": 8.024286270141602,
  "mae_38.0_50_0": 18.805635452270508,
  "acc_5.2_11.2_10": 0.8128799796104431,
  "mae_11.2_21.3_9": 10.50762939453125,
  "acc_0_5.2_13": 0.8318829536437988,
  "mse_50_inf_12": 1264.313232421875,
  "mse_8": 305.13275146484375,
  "mse_50_inf_8": 1279.3314208984375,
  "mae_50_inf_5": 28.623998641967773,
  "acc_0_5.2_7": 0.8592472076416016,
  "mse_11.2_21.3_12": 155.2886199951172,
  "mae_11.2_21.3_3": 9.720995903015137,
  "mse_11": 336.83685302734375,
  "mse_13": 306.3148193359375,
  "mse_9": 299.9775695800781,
  "mae_11.2_21.3_12": 9.450116157531738,
  "acc_21.3_38.0_9": 0.36994001269340515,
  "mse_38.0_50_12": 385.5674133300781,
  "mse_21.3_38.0_2": 204.53318786621094,
  "mse_50_inf_3": 3453.829833984375,
  "mae_5.2_11.2_8": 6.799874782562256,
  "acc_21.3_38.0_8": 0.37647679448127747,
  "acc_50_inf_3": 0.07198430597782135,
  "acc_50_inf_1": 0.18578366935253143,
  "mse_5.2_11.2_0": 179.05335998535156,
  "mse_0_5.2_4": 284.443603515625,
  "acc_38.0_50_0": 0.2702168822288513,
  "mae_38.0_50_10": 17.54800033569336,
  "mae_5.2_11.2_6": 6.824917316436768,
  "mse_38.0_50_13": 412.6229553222656,
  "acc_38.0_50_5": 0.2775006592273712,
  "acc_0_5.2_8": 0.8490301370620728,
  "acc_38.0_50_8": 0.3327719569206238,
  "mae_21.3_38.0_8": 13.19848918914795,
  "acc_21.3_38.0_13": 0.3697919249534607,
  "acc_21.3_38.0_11": 0.38334664702415466,
  "acc_5.2_11.2_3": 0.859247088432312,
  "acc_5.2_11.2_6": 0.8101457953453064,
  "mae_5.2_11.2_1": 5.7963762283325195,
  "mse_21.3_38.0_6": 281.9468994140625,
  "mse_21.3_38.0_0": 396.7810974121094,
  "acc_11": 0.6616090536117554,
  "acc_50_inf_12": 0.2132805734872818,
  "acc_38.0_50_9": 0.28983524441719055,
  "acc_0_5.2_1": 0.8313114047050476,
  "mae_0_5.2_1": 6.978845596313477,
  "mae_50_inf_10": 30.66939926147461,
  "mse_11.2_21.3_13": 218.43580627441406,
  "acc_11.2_21.3_7": 0.6142761707305908,
  "mae_11.2_21.3_7": 9.015755653381348,
  "acc_38.0_50_2": 0.2922666370868683,
  "mse_0_5.2_11": 72.7296371459961,
  "mse_21.3_38.0_9": 292.6180725097656,
  "acc_21.3_38.0_4": 0.37384721636772156,
  "mae_0_5.2_3": 16.261898040771484,
  "mse_11.2_21.3_2": 91.79999542236328,
  "mse_11.2_21.3_6": 196.26611328125,
  "acc_50_inf_10": 0.18074560165405273,
  "mae_50_inf_6": 28.192096710205078,
  "acc_21.3_38.0_12": 0.3914031982421875,
  "mse_5.2_11.2_12": 132.1316375732422,
  "acc_38.0_50_11": 0.2667803168296814,
  "mae_0_5.2_12": 6.092419147491455,
  "mae_0_5.2_6": 7.364874839782715,
  "mae_5.2_11.2_10": 6.528880596160889,
  "acc_11.2_21.3_4": 0.6309685111045837,
  "mse_21.3_38.0_8": 247.51535034179688,
  "mse_0_5.2_7": 78.22310638427734,
  "mae_0_5.2_7": 5.462878704071045,
  "mae_5.2_11.2_13": 8.403215408325195,
  "mse_38.0_50_6": 404.8539123535156,
  "mae_38.0_50_13": 16.88043785095215,
  "mse_38.0_50_3": 1665.487548828125,
  "mae_38.0_50_2": 17.224567413330078,
  "mse_50_inf_6": 1271.424560546875,
  "acc_50_inf_11": 0.1328602284193039,
  "mse_5.2_11.2_6": 163.76829528808594,
  "mae_11.2_21.3_2": 7.562699794769287,
  "acc_11.2_21.3_2": 0.7228032946586609,
  "mse_7": 313.29351806640625,
  "mse_1": 306.8781433105469,
  "mse_11.2_21.3_10": 140.38905334472656,
  "acc_9": 0.6479569673538208,
  "acc_38.0_50_3": 0.27822721004486084,
  "mse_5.2_11.2_3": 2681.568603515625,
  "mae_0_5.2_5": 27.612117767333984,
  "mse_50_inf_11": 1645.832763671875,
  "mse_21.3_38.0_1": 225.43223571777344,
  "mae_5.2_11.2_3": 7.180671215057373,
  "mse_5.2_11.2_9": 159.86215209960938,
  "acc_5.2_11.2_2": 0.8500472903251648,
  "mae_38.0_50_7": 17.379718780517578,
  "mae_21.3_38.0_6": 13.728278160095215,
  "mae_5.2_11.2_11": 5.807240009307861,
  "acc_0_5.2_10": 0.8602581024169922,
  "mae_0_5.2_0": 6.167837142944336,
  "mse_2": 357.92620849609375,
  "acc_5": 0.6228647828102112,
  "mse_5.2_11.2_1": 93.03831481933594,
  "acc_0_5.2_2": 0.8108147382736206,
  "mae_50_inf_4": 28.089923858642578,
  "acc_21.3_38.0_2": 0.37704572081565857,
  "mse_38.0_50_0": 506.09027099609375,
  "mae_11.2_21.3_1": 8.580018997192383,
  "acc_5.2_11.2_4": 0.8109930753707886,
  "mae_38.0_50_8": 16.09503746032715,
  "mae_11.2_21.3_0": 11.603352546691895,
  "mse_0_5.2_10": 81.208740234375,
  "acc_0_5.2_9": 0.8340378999710083,
  "acc_21.3_38.0_5": 0.34117865562438965,
  "mae_0_5.2_11": 5.696791648864746,
  "acc_5.2_11.2_12": 0.7823306918144226,