{
  "mae_12": 10.061230659484863,
  "mae_11": 10.236433982849121,
  "_runtime": 15950.697371721268,
  "mae_10": 10.084223747253418,
  "mae_2": 10.740612030029297,
  "val_acc_9": 0.6715919375419617,
  "val_loss_3": 2.502166748046875,
  "val_acc_6": 0.6700439453125,
  "val_loss_0": 2.2286698818206787,
  "val_acc_4": 0.6672025322914124,
  "val_acc_13": 0.6739742755889893,
  "val_acc_7": 0.6707146763801575,
  "val_acc_8": 0.6710444688796997,
  "epoch": 29,
  "val_loss_4": 2.2946372032165527,
  "val_loss_6": 2.3127973079681396,
  "mae_13": 10.123088836669922,
  "val_loss_11": 2.7774977684020996,
  "val_loss_8": 2.408003807067871,
  "mae_3": 16.22960662841797,
  "val_acc_1": 0.6600927114486694,
  "val_acc_11": 0.6716992855072021,
  "mae_7": 10.307029724121094,
  "val_loss_10": 3.089820384979248,
  "mae_9": 9.867168426513672,
  "val_loss": 2.4284756183624268,
  "val_acc_12": 0.6736838817596436,
  "_timestamp": 1603220501.4433017,
  "val_acc_0": 0.6586282849311829,
  "mae_4": 11.14658260345459,
  "global_step": 3690,
  "val_loss_1": 2.190718650817871,
  "val_loss_5": 2.689453363418579,
  "val_acc_3": 0.660794734954834,
  "_step": 61,
  "val_loss_12": 2.26869535446167,
  "val_loss_9": 2.2485365867614746,
  "val_loss_2": 2.232017755508423,
  "mae_0": 10.158952713012695,
  "val_acc_2": 0.6622710824012756,
  "val_acc_5": 0.6627153754234314,
  "mae_6": 10.751429557800293,
  "mae_8": 10.052663803100586,
  "mae_5": 23.00818634033203,
  "val_acc_10": 0.6664663553237915,
  "val_loss_7": 2.397340774536133,
  "val_loss_13": 2.3583004474639893,
  "mae_1": 10.35815715789795,
  "train_loss": 1.7749625444412231,
  "acc_11.2_21.3_1": 0.5753273367881775,
  "mse_0_5.2_3": 6743.3125,
  "mae_50_inf_8": 30.065818786621094,
  "acc_21.3_38.0_1": 0.3282186985015869,
  "mae_21.3_38.0_12": 14.301756858825684,
  "acc_50_inf_12": 0.18433503806591034,
  "mse_38.0_50_6": 453.1459655761719,
  "mae_5.2_11.2_1": 6.949580669403076,
  "mae_5.2_11.2_3": 8.362231254577637,
  "mse_50_inf_9": 1205.572998046875,
  "mae_5.2_11.2_11": 7.239309787750244,
  "mse_0_5.2_5": 33939.33984375,
  "mae_0_5.2_3": 14.026528358459473,
  "acc_11.2_21.3_5": 0.5191939473152161,
  "mse_38.0_50_5": 2929.979248046875,
  "acc_5.2_11.2_1": 0.8178138136863708,
  "acc_13": 0.6666369438171387,
  "mae_0_5.2_2": 5.694935321807861,
  "acc_50_inf_10": 0.15510493516921997,
  "mae_21.3_38.0_11": 14.007189750671387,
  "acc_0_5.2_1": 0.8569926619529724,
  "mse_0_5.2_6": 159.2712860107422,
  "mse_21.3_38.0_13": 278.1694641113281,
  "mse_4": 382.80462646484375,
  "mae_38.0_50_13": 17.6912899017334,
  "mse_50_inf_10": 1445.578369140625,
  "mse_0": 286.23809814453125,
  "mse_11.2_21.3_7": 139.43418884277344,
  "acc_50_inf_13": 0.20376549661159515,
  "mse_11.2_21.3_3": 725.0263671875,
  "mse_21.3_38.0_6": 287.05084228515625,
  "acc_5.2_11.2_10": 0.7990900874137878,
  "acc_21.3_38.0_12": 0.32797086238861084,
  "acc_9": 0.6702498197555542,
  "mae_21.3_38.0_5": 17.149621963500977,
  "mse_38.0_50_2": 437.26361083984375,
  "mae_11.2_21.3_7": 9.413214683532715,
  "mse_21.3_38.0_4": 298.53125,
  "acc_5.2_11.2_4": 0.8121044039726257,
  "mse_38.0_50_4": 479.0189514160156,
  "acc_8": 0.6783695816993713,
  "acc_11.2_21.3_8": 0.5368146896362305,
  "acc_0": 0.6690768599510193,
  "acc_21.3_38.0_8": 0.3377726972103119,
  "mae_50_inf_9": 27.790010452270508,
  "acc_21.3_38.0_10": 0.35681837797164917,
  "mae_21.3_38.0_2": 13.839083671569824,
  "mse_10": 289.7677001953125,
  "mae_11.2_21.3_13": 10.429678916931152,
  "mae_38.0_50_8": 17.794979095458984,
  "mae_11.2_21.3_11": 9.502826690673828,
  "acc_0_5.2_2": 0.8415378332138062,
  "acc_38.0_50_8": 0.29044535756111145,
  "mae_50_inf_2": 31.259429931640625,
  "acc_11.2_21.3_2": 0.5940802693367004,
  "mae_21.3_38.0_1": 14.17629623413086,
  "acc_0_5.2_7": 0.861477792263031,
  "mse_38.0_50_9": 441.96221923828125,
  "mae_21.3_38.0_9": 14.30038070678711,
  "mae_50_inf_12": 30.455516815185547,
  "mse_11.2_21.3_0": 183.21737670898438,
  "acc_38.0_50_2": 0.3042403757572174,
  "mae_11.2_21.3_3": 10.079075813293457,
  "mse_50_inf_7": 1505.640380859375,
  "mse_5.2_11.2_8": 131.59347534179688,
  "acc_50_inf_5": 0.23123914003372192,
  "mae_11.2_21.3_10": 9.751708984375,
  "acc_38.0_50_3": 0.27563077211380005,
  "acc_5.2_11.2_7": 0.8080362677574158,
  "mse_5.2_11.2_10": 123.82585906982422,
  "acc_5.2_11.2_3": 0.8041374087333679,
  "acc_0_5.2_8": 0.8682655096054077,
  "mse_50_inf_2": 1442.614990234375,
  "acc_5.2_11.2_11": 0.8049708008766174,
  "mse_7": 297.34814453125,
  "mse_38.0_50_8": 445.830810546875,
  "mae_11.2_21.3_8": 9.969012260437012,
  "mae_0_5.2_11": 4.8944783210754395,
  "acc_50_inf_6": 0.19864343106746674,
  "mae_50_inf_11": 31.7064151763916,
  "mse_13": 291.2048034667969,
  "mae_38.0_50_5": 20.233001708984375,
  "acc_21.3_38.0_5": 0.3272288739681244,
  "mse_11.2_21.3_5": 4351.7666015625,
  "mae_50_inf_7": 32.29783630371094,
  "mse_1": 291.1285705566406,
  "mse_21.3_38.0_9": 284.9107971191406,
  "mae_38.0_50_4": 18.744861602783203,
  "acc_21.3_38.0_11": 0.33921194076538086,
  "mae_0_5.2_13": 5.014528274536133,
  "mse_11.2_21.3_11": 144.957763671875,
  "mae_5.2_11.2_4": 7.220391750335693,
  "mse_0_5.2_13": 93.89684295654297,
  "acc_38.0_50_11": 0.28184786438941956,
  "acc_38.0_50_10": 0.300921767950058,
  "acc_11.2_21.3_12": 0.5331925749778748,
  "mse_21.3_38.0_11": 269.51153564453125,
  "mae_0_5.2_5": 23.778770446777344,
  "acc_0_5.2_5": 0.8321630358695984,
  "mse_21.3_38.0_7": 255.46249389648438,
  "mae_38.0_50_2": 17.594898223876953,
  "mae_38.0_50_7": 17.646146774291992,
  "mse_50_inf_5": 6012.42236328125,
  "acc_11.2_21.3_11": 0.5641652941703796,
  "mse_0_5.2_8": 80.65560150146484,
  "mae_0_5.2_9": 4.869572639465332,
  "mae_50_inf_1": 30.0945987701416,
  "acc_38.0_50_0": 0.2755228877067566,
  "mae_38.0_50_0": 17.784832000732422,
  "mae_50_inf_0": 27.615453720092773,
  "mse_0_5.2_1": 78.69468688964844,
  "acc_21.3_38.0_6": 0.34424924850463867,
  "acc_0_5.2_13": 0.8502488732337952,
  "mse_11.2_21.3_13": 174.2877655029297,
  "mae_5.2_11.2_0": 7.846400737762451,
  "mae_38.0_50_6": 18.076980590820312,
  "mse_0_5.2_2": 91.30301666259766,
  "mse_38.0_50_1": 455.7319641113281,
  "mse_21.3_38.0_10": 263.6767578125,
  "mse_38.0_50_0": 438.46392822265625,
  "mse_11.2_21.3_4": 167.01548767089844,
  "mse_21.3_38.0_1": 272.6400451660156,
  "acc_2": 0.6588510274887085,
  "mse_11.2_21.3_9": 177.17422485351562,
  "mse_0_5.2_9": 86.73809051513672,
  "mse_21.3_38.0_8": 273.60528564453125,
  "acc_50_inf_8": 0.1904333382844925,
  "acc_10": 0.6752222180366516,
  "mse_5.2_11.2_13": 154.060791015625,
  "mae_38.0_50_3": 18.570768356323242,
  "mae_21.3_38.0_8": 14.121127128601074,
  "mae_0_5.2_7": 4.950803756713867,
  "mae_5.2_11.2_5": 12.648728370666504,
  "acc_5.2_11.2_8": 0.8033348321914673,
  "mae_0_5.2_0": 5.009853839874268,
  "acc_38.0_50_4": 0.2578076124191284,
  "mse_11.2_21.3_12": 160.8894500732422,
  "acc_0_5.2_0": 0.8627005219459534,
  "mae_11.2_21.3_4": 9.775900840759277,
  "mae_38.0_50_10": 17.77910804748535,
  "mae_38.0_50_11": 18.20510482788086,
  "acc_38.0_50_7": 0.3087313175201416,
  "mse_21.3_38.0_2": 258.994140625,
  "acc_5.2_11.2_0": 0.788855254650116,
  "mse_21.3_38.0_5": 3771.4755859375,
  "mse_38.0_50_13": 443.77423095703125,
  "acc_6": 0.66200190782547,
  "acc_21.3_38.0_3": 0.33411097526550293,
  "acc_12": 0.6787155270576477,
  "mae_5.2_11.2_13": 8.270122528076172,
  "acc_0_5.2_3": 0.8350704908370972,
  "acc_38.0_50_13": 0.2943490147590637,
  "mse_9": 272.2768859863281,
  "acc_0_5.2_10": 0.8659446239471436,
  "mae_11.2_21.3_12": 10.038548469543457,
  "acc_11.2_21.3_9": 0.528042197227478,
  "mse_6": 334.6573486328125,
  "acc_38.0_50_9": 0.266236811876297,
  "mse_38.0_50_7": 444.9384765625,
  "mae_21.3_38.0_3": 14.68792724609375,
  "mse_38.0_50_10": 450.9901428222656,
  "mae_11.2_21.3_1": 9.450096130371094,
  "mse_11.2_21.3_8": 158.152587890625,
  "acc_0_5.2_11": 0.8646039366722107,
  "acc_5.2_11.2_5": 0.7642992734909058,
  "mse_2": 304.70904541015625,
  "mse_11.2_21.3_10": 150.320556640625,