{
  "val_loss_0": 5.973237991333008,
  "epoch": 29,
  "_runtime": 21777.29127240181,
  "val_acc_0": 0.6406474113464355,
  "_timestamp": 1602860983.5734978,
  "_step": 61,
  "mae_0": 10.687273025512695,
  "global_step": 2940,
  "val_loss": 5.973237991333008,
  "train_loss": 4.336923599243164,
  "acc_38.0_50_0": 0.18809735774993896,
  "mse_21.3_38.0_0": 424.2239074707031,
  "mse_0": 381.876953125,
  "acc_11.2_21.3_0": 0.372273713350296,
  "mae_38.0_50_0": 23.81916046142578,
  "mse_50_inf_0": 1913.4635009765625,
  "mse_0_5.2_0": 42.199989318847656,
  "mae_0_5.2_0": 2.663641929626465,
  "mae_5.2_11.2_0": 7.429299354553223,
  "acc_21.3_38.0_0": 0.21926173567771912,
  "mae_11.2_21.3_0": 11.621231079101562,
  "mse_38.0_50_0": 742.44482421875,
  "acc_0": 0.6788769364356995,
  "mse": 381.876953125,
  "mse_11.2_21.3_0": 199.1881561279297,
  "acc_0_5.2_0": 0.9326578974723816,
  "mae_50_inf_0": 36.07765197753906,
  "mse_5.2_11.2_0": 110.8476333618164,
  "acc_5.2_11.2_0": 0.8498650789260864,
  "acc_50_inf_0": 0.16158528625965118,
  "mae_21.3_38.0_0": 18.059513092041016
}