{
  "val_loss_0": 2.1543688774108887,
  "val_loss_10": 3.4564778804779053,
  "mae_4": 12.419159889221191,
  "mae_2": 12.663884162902832,
  "val_loss_13": 2.1714067459106445,
  "val_acc_5": 0.6297492980957031,
  "val_loss_2": 2.3032896518707275,
  "mae_12": 10.985130310058594,
  "val_loss_11": 2.9666712284088135,
  "mae_7": 11.158292770385742,
  "val_acc_12": 0.6410819888114929,
  "val_acc_3": 0.6277316212654114,
  "epoch": 29,
  "_step": 61,
  "mae_8": 11.111428260803223,
  "mae_3": 20.46637535095215,
  "mae_10": 11.205556869506836,
  "val_loss_9": 2.1023223400115967,
  "global_step": 2220,
  "val_loss_4": 2.257066249847412,
  "val_loss_6": 2.213043212890625,
  "val_acc_2": 0.6306452751159668,
  "val_acc_10": 0.6282364726066589,
  "val_acc_11": 0.6317102313041687,
  "val_acc_4": 0.6322197318077087,
  "val_loss_1": 2.1495361328125,
  "val_acc_13": 0.6414971947669983,
  "_timestamp": 1603040428.4419596,
  "val_acc_1": 0.6276580095291138,
  "mae_9": 10.70856761932373,
  "mae_1": 11.782605171203613,
  "val_loss_3": 2.6926393508911133,
  "val_acc_6": 0.6352461576461792,
  "val_acc_0": 0.623859167098999,
  "val_acc_7": 0.6332170367240906,
  "val_acc_8": 0.6344953179359436,
  "val_acc_9": 0.6371804475784302,
  "_runtime": 10021.896032094955,
  "mae_11": 11.424695014953613,
  "mae_6": 11.986988067626953,
  "val_loss_12": 2.12752103805542,
  "mae_5": 30.347726821899414,
  "mae_13": 10.760781288146973,
  "val_loss_8": 2.3954856395721436,
  "val_loss_5": 2.8303980827331543,
  "val_loss_7": 2.4575247764587402,
  "mae_0": 11.019915580749512,
  "val_loss": 2.448410749435425,
  "train_loss": 2.0849201679229736,
  "mse_5.2_11.2_12": 90.26222229003906,
  "mae_50_inf_13": 29.731313705444336,
  "acc_50_inf_7": 0.10528761893510818,
  "mse_50_inf_11": 2054.52294921875,
  "mse_5": 45639.87109375,
  "mse_11.2_21.3_6": 172.0830841064453,
  "mse_38.0_50_1": 447.44171142578125,
  "mse_4": 497.7610168457031,
  "acc_5.2_11.2_11": 0.8816066384315491,
  "acc_11.2_21.3_13": 0.5463085174560547,
  "acc_21.3_38.0_6": 0.35743868350982666,
  "mae_50_inf_10": 37.78092956542969,
  "mse_5.2_11.2_13": 133.49513244628906,
  "acc_12": 0.6639445424079895,
  "mse_11.2_21.3_5": 19260.6015625,
  "mse_38.0_50_12": 438.61041259765625,
  "mse_50_inf_6": 1539.974365234375,
  "mse_0_5.2_1": 79.15428161621094,
  "mae_0_5.2_1": 6.202493667602539,
  "mae_21.3_38.0_2": 12.290397644042969,
  "mae_11.2_21.3_9": 9.387321472167969,
  "acc_5.2_11.2_10": 0.8691454529762268,
  "mse_38.0_50_0": 486.19110107421875,
  "mse_5.2_11.2_8": 75.97456359863281,
  "mse_21.3_38.0_12": 234.3874969482422,
  "mae_5.2_11.2_11": 5.283622741699219,
  "mse_0_5.2_6": 284.35125732421875,
  "mae_5.2_11.2_3": 9.193743705749512,
  "mae_5.2_11.2_5": 19.49955940246582,
  "mae_38.0_50_12": 17.846712112426758,
  "mse_11": 386.2459716796875,
  "mse_0_5.2_3": 13375.953125,
  "acc_50_inf_11": 0.0940462201833725,
  "mse_0_5.2_10": 47.3502197265625,
  "mse_50_inf_7": 1880.5369873046875,
  "acc_9": 0.656629204750061,
  "acc_5.2_11.2_0": 0.8401833772659302,
  "mse_11.2_21.3_0": 159.29586791992188,
  "acc_38.0_50_2": 0.2398853302001953,
  "acc_0_5.2_8": 0.8898258209228516,
  "mae_50_inf_0": 30.717350006103516,
  "acc_38.0_50_9": 0.2780829966068268,
  "acc_50_inf_2": 0.07875386625528336,
  "mse_21.3_38.0_7": 264.33636474609375,
  "mse_5.2_11.2_5": 27904.734375,
  "acc_13": 0.6545115113258362,
  "acc_11.2_21.3_2": 0.7415390610694885,
  "mae_11.2_21.3_4": 9.242198944091797,
  "acc_5.2_11.2_2": 0.8564820885658264,
  "mae_0_5.2_4": 8.086479187011719,
  "acc_50_inf_5": 0.21615912020206451,
  "acc_38.0_50_3": 0.268384724855423,
  "acc_50_inf_9": 0.2020227313041687,
  "mse_21.3_38.0_0": 299.0997009277344,
  "mse_50_inf_12": 1654.46875,
  "mse_21.3_38.0_1": 224.10426330566406,
  "mae_38.0_50_3": 19.77079963684082,
  "acc_5.2_11.2_13": 0.7866051197052002,
  "acc_0_5.2_0": 0.8657419085502625,
  "mse_11.2_21.3_13": 158.29092407226562,
  "mae_50_inf_2": 37.568931579589844,
  "acc_21.3_38.0_5": 0.3658068776130676,
  "mse_0_5.2_5": 72156.90625,
  "acc_0_5.2_2": 0.8015002012252808,
  "mae_5.2_11.2_4": 6.703392505645752,
  "mse_5.2_11.2_3": 4606.87255859375,
  "mse_12": 338.4712829589844,
  "acc_50_inf_1": 0.11523369699716568,
  "mse_50_inf_1": 1703.185302734375,
  "acc_21.3_38.0_10": 0.33670973777770996,
  "mse_21.3_38.0_4": 292.3396911621094,
  "acc_0_5.2_13": 0.8480138182640076,
  "mae_21.3_38.0_7": 14.044228553771973,
  "mae_11.2_21.3_8": 8.859443664550781,
  "mse_50_inf_10": 1977.1527099609375,
  "mae_0_5.2_11": 4.285046100616455,
  "mse_7": 365.900146484375,
  "mse_38.0_50_10": 542.0786743164062,
  "mae_11.2_21.3_5": 19.238801956176758,
  "acc_21.3_38.0_9": 0.3782373368740082,
  "mse_5.2_11.2_2": 68.90257263183594,
  "mse_50_inf_5": 7783.77001953125,
  "acc_21.3_38.0_7": 0.3259356617927551,
  "mse_5.2_11.2_10": 66.30885314941406,
  "acc_38.0_50_6": 0.2856222093105316,
  "mae_38.0_50_7": 20.08006477355957,
  "mse_5.2_11.2_11": 55.92451095581055,
  "mse_21.3_38.0_8": 254.74151611328125,
  "mse_38.0_50_6": 441.1013488769531,
  "acc_21.3_38.0_0": 0.3510090410709381,
  "acc_38.0_50_4": 0.2878800332546234,
  "mse_38.0_50_2": 451.46844482421875,
  "mae_11.2_21.3_12": 8.638035774230957,
  "mae_38.0_50_1": 18.1479549407959,
  "mae_5.2_11.2_0": 6.615101337432861,
  "mse_50_inf_4": 1463.1094970703125,
  "mae_38.0_50_9": 17.40440559387207,
  "acc_11.2_21.3_8": 0.5876317620277405,
  "mse_0_5.2_2": 117.63874816894531,
  "mae_50_inf_8": 35.06179428100586,
  "acc_5.2_11.2_7": 0.8745213747024536,
  "mse_9": 321.9778137207031,
  "acc_11.2_21.3_9": 0.5695475935935974,
  "mae_38.0_50_13": 16.849294662475586,
  "acc_0_5.2_5": 0.7980675101280212,
  "mae_38.0_50_5": 23.72625160217285,
  "mae_11.2_21.3_3": 10.996237754821777,
  "mae_0_5.2_2": 7.3754096031188965,
  "acc_50_inf_4": 0.18034398555755615,
  "acc_0_5.2_10": 0.8925828337669373,
  "mse_50_inf_8": 1768.71728515625,
  "acc_5.2_11.2_3": 0.851793110370636,
  "mse_50_inf_3": 2979.9140625,
  "mae_38.0_50_8": 18.235490798950195,
  "acc_5.2_11.2_1": 0.8627210855484009,
  "mae_0_5.2_0": 4.982182502746582,
  "acc_50_inf_13": 0.20174995064735413,
  "acc_11.2_21.3_6": 0.5991842150688171,
  "mse_3": 8600.169921875,
  "acc_21.3_38.0_4": 0.379641592502594,
  "mse_0": 333.2893371582031,
  "mse_8": 355.3199768066406,
  "mae_21.3_38.0_5": 20.926027297973633,
  "mae_21.3_38.0_13": 13.183999061584473,
  "acc_5.2_11.2_9": 0.8059221506118774,
  "acc_0_5.2_6": 0.8531356453895569,
  "mse_21.3_38.0_2": 202.71607971191406,
  "acc_50_inf_8": 0.13388994336128235,
  "mse_11.2_21.3_1": 92.05187225341797,
  "mse_5.2_11.2_9": 111.53338623046875,
  "acc_21.3_38.0_2": 0.37590131163597107,
  "mse_0_5.2_11": 46.127685546875,
  "mse_21.3_38.0_13": 248.1829833984375,
  "acc_21.3_38.0_3": 0.37334540486335754,
  "mse_0_5.2_7": 48.900726318359375,
  "mse_13": 323.06878662109375,
  "mse_0_5.2_0": 84.76937866210938,
  "mae_5.2_11.2_2": 5.097601890563965,
  "mse_38.0_50_3": 1919.997802734375,
  "mse_11.2_21.3_3": 3591.72607421875,
  "mae_50_inf_5": 30.555002212524414,
  "mae_50_inf_6": 31.948781967163086,
  "acc_0_5.2_12": 0.8698081970214844,
  "mae_21.3_38.0_10": 14.031339645385742,
  "mae_38.0_50_4": 17.429195404052734,
  "acc_21.3_38.0_13": 0.38537243008613586,
  "mse_21.3_38.0_6": 278.23419189453125,
  "mse_0_5.2_12": 67.6476821899414,
  "acc_2": 0.6241846680641174,
  "mse_5.2_11.2_4": 199.20098876953125,
  "acc_0_5.2_4": 0.8272307515144348,
  "mae_0_5.2_7": 4.157912254333496,
  "acc_50_inf_12": 0.15106381475925446,
  "acc_5.2_11.2_6": 0.8305389881134033,
  "acc_50_inf_3": 0.0787409245967865,
  "mse_50_inf_2": 1867.8203125,
  "acc_8": 0.6702845096588135,
  "mse_38.0_50_9": 418.7397766113281,
  "mse_11.2_21.3_10": 105.7995376586914,
  "acc_4": 0.6454228162765503,
  "mse_38.0_50_5": 10921.544921875,
  "mse_50_inf_9": 1445.2862548828125,
  "mae_38.0_50_0": 18.794876098632812,
  "acc_50_inf_0": 0.18642176687717438,
  "acc_38.0_50_0": 0.2525540292263031,
  "mae_21.3_38.0_11": 14.075732231140137,
  "mae_5.2_11.2_12": 6.355257034301758,