{
  "mae_3": 13.039046287536621,
  "mae_4": 11.458047866821289,
  "val_acc_6": 0.6631513833999634,
  "val_loss_7": 6.211846828460693,
  "val_acc_4": 0.6597193479537964,
  "_runtime": 6987.414834976196,
  "mae_7": 10.892087936401367,
  "val_loss_9": 6.131315231323242,
  "global_step": 2940,
  "val_loss_2": 5.99751091003418,
  "mae_5": 16.042034149169922,
  "val_loss_8": 6.243999004364014,
  "mae_6": 10.35937213897705,
  "val_acc_8": 0.6598168611526489,
  "val_acc_5": 0.6617608666419983,
  "_step": 61,
  "mae_2": 10.58090591430664,
  "val_acc_1": 0.6549366116523743,
  "val_loss_6": 6.11033821105957,
  "mae_8": 10.402780532836914,
  "mae_9": 10.50829792022705,
  "mae_1": 10.601179122924805,
  "val_acc_3": 0.6588560938835144,
  "val_loss_4": 6.230939865112305,
  "epoch": 29,
  "val_loss": 6.202229976654053,
  "val_acc_2": 0.6592296957969666,
  "_timestamp": 1602880245.7806785,
  "val_loss_1": 5.916395664215088,
  "val_acc_0": 0.6532313227653503,
  "val_loss_5": 6.8638224601745605,
  "val_loss_0": 6.027698993682861,
  "val_loss_3": 6.288430213928223,
  "mae_0": 10.44815444946289,
  "val_acc_9": 0.6621605753898621,
  "val_acc_7": 0.6617735624313354,
  "train_loss": 4.361571311950684,
  "mse_50_inf_9": 2206.101318359375,
  "mse_38.0_50_1": 693.9021606445312,
  "mae_0_5.2_5": 9.593293190002441,
  "mae_21.3_38.0_4": 17.393457412719727,
  "mse_5.2_11.2_6": 97.91804504394531,
  "mae_0_5.2_6": 2.603015899658203,
  "acc_38.0_50_5": 0.19361694157123566,
  "mse_5.2_11.2_9": 90.60079956054688,
  "acc_21.3_38.0_7": 0.21477863192558289,
  "mse_0_5.2_6": 39.464813232421875,
  "mae_38.0_50_6": 22.944355010986328,
  "mae_0_5.2_8": 2.5832600593566895,
  "mse_5.2_11.2_5": 12860.89453125,
  "acc_21.3_38.0_0": 0.227151021361351,
  "mae_21.3_38.0_3": 18.292301177978516,
  "mae_38.0_50_8": 22.300514221191406,
  "mae_50_inf_6": 38.49710464477539,
  "mse_50_inf_3": 3085.244384765625,
  "acc_5.2_11.2_4": 0.8604627251625061,
  "acc_38.0_50_8": 0.2244521975517273,
  "acc_5.2_11.2_5": 0.8022419810295105,
  "acc_1": 0.6881742477416992,
  "mse_38.0_50_0": 689.97802734375,
  "mse_5": 10834.8759765625,
  "mse_9": 386.3533630371094,
  "mae_11.2_21.3_9": 10.70351505279541,
  "mae_5.2_11.2_2": 6.88870096206665,
  "mae_38.0_50_4": 23.676488876342773,
  "mse_21.3_38.0_6": 383.1920166015625,
  "mae_0_5.2_9": 2.6676137447357178,
  "mse_8": 379.94171142578125,
  "mae_38.0_50_3": 25.89739227294922,
  "mse_21.3_38.0_7": 388.1316833496094,
  "mae_5.2_11.2_8": 7.213545799255371,
  "acc_0": 0.6877174377441406,
  "acc_38.0_50_4": 0.20560204982757568,
  "acc_0_5.2_1": 0.9404323101043701,
  "mae_0_5.2_3": 4.682149410247803,
  "acc_5.2_11.2_7": 0.8828094005584717,
  "mae_0_5.2_1": 2.4063220024108887,
  "acc_21.3_38.0_8": 0.24644698202610016,
  "mse_0_5.2_1": 31.005327224731445,
  "mse_2": 386.0427551269531,
  "mse_6": 376.20758056640625,
  "mae_11.2_21.3_8": 10.7463960647583,
  "mae_38.0_50_1": 22.694530487060547,
  "acc_11.2_21.3_5": 0.38103705644607544,
  "mae_11.2_21.3_2": 10.614891052246094,
  "mae_38.0_50_0": 22.76822280883789,
  "acc_21.3_38.0_4": 0.23565411567687988,
  "mae_0_5.2_7": 2.2079455852508545,
  "mse_38.0_50_4": 776.2218017578125,
  "acc_21.3_38.0_1": 0.2316671460866928,
  "acc_5.2_11.2_6": 0.8382961750030518,
  "mae_5.2_11.2_9": 7.132250785827637,
  "mse_4": 584.6774291992188,
  "acc_0_5.2_4": 0.93238765001297,
  "acc_5.2_11.2_2": 0.8569015264511108,
  "acc_11.2_21.3_4": 0.40818068385124207,
  "mse_21.3_38.0_4": 461.94232177734375,
  "mae_50_inf_4": 43.05671691894531,
  "mse_50_inf_1": 2216.7763671875,
  "acc_11.2_21.3_9": 0.39832639694213867,
  "mae_11.2_21.3_4": 11.043582916259766,
  "acc_5": 0.6791200637817383,
  "mae_21.3_38.0_0": 17.35468864440918,
  "mae_0_5.2_4": 3.3536882400512695,
  "acc_11.2_21.3_7": 0.38857874274253845,
  "acc_5.2_11.2_8": 0.8378497958183289,
  "mse_0_5.2_0": 35.70525360107422,
  "acc_38.0_50_0": 0.21328160166740417,
  "acc_0_5.2_2": 0.9311298727989197,
  "mae_0_5.2_2": 2.6103386878967285,
  "mse_11.2_21.3_2": 152.7355194091797,
  "acc_21.3_38.0_2": 0.23639537394046783,
  "acc_0_5.2_6": 0.9329841136932373,
  "mae_0_5.2_0": 2.504608154296875,
  "mse_38.0_50_6": 694.2006225585938,
  "acc_8": 0.6892724633216858,
  "mse_0_5.2_8": 36.772220611572266,
  "mae_11.2_21.3_1": 10.64719295501709,
  "mae_5.2_11.2_6": 7.2968974113464355,
  "mse_0_5.2_9": 40.59634017944336,
  "acc_5.2_11.2_3": 0.8829501271247864,
  "mae_21.3_38.0_6": 17.301733016967773,
  "mse_11.2_21.3_7": 140.37535095214844,
  "mae_50_inf_3": 46.99762725830078,
  "mae_50_inf_8": 39.74586868286133,
  "acc_21.3_38.0_3": 0.22185489535331726,
  "acc_21.3_38.0_5": 0.24913379549980164,
  "acc_38.0_50_9": 0.21400542557239532,
  "mae_50_inf_0": 38.434120178222656,
  "mae_11.2_21.3_6": 11.07501220703125,
  "acc_2": 0.6869690418243408,
  "mae_38.0_50_2": 22.682729721069336,
  "acc_50_inf_7": 0.04460841044783592,
  "mae_50_inf_7": 44.94517517089844,
  "mae_21.3_38.0_5": 20.846923828125,
  "acc_0_5.2_5": 0.9124813675880432,
  "mae_5.2_11.2_3": 8.092134475708008,
  "mse_5.2_11.2_1": 81.3910903930664,
  "mse_21.3_38.0_1": 372.9776916503906,
  "mse_5.2_11.2_0": 94.61095428466797,
  "mse_3": 1682.86279296875,
  "mae_38.0_50_5": 24.86373519897461,
  "mse_50_inf_5": 7682.02490234375,
  "mse_5.2_11.2_8": 90.04618835449219,
  "mse_11.2_21.3_3": 934.4893798828125,
  "acc_7": 0.6908376216888428,
  "mse_5.2_11.2_7": 61.87018585205078,
  "mae_21.3_38.0_8": 16.831640243530273,
  "mae_11.2_21.3_0": 10.927080154418945,
  "acc_50_inf_4": 0.0637008398771286,
  "mse_21.3_38.0_0": 383.1763610839844,
  "mse_50_inf_0": 2084.850830078125,
  "acc_3": 0.6779115200042725,
  "mae_38.0_50_7": 24.64091682434082,
  "acc_0_5.2_7": 0.9485357403755188,
  "mae_21.3_38.0_9": 16.873868942260742,
  "mae_50_inf_9": 40.19634246826172,
  "mse_38.0_50_7": 778.4024658203125,
  "mae_50_inf_1": 40.84131622314453,
  "acc_9": 0.6889618635177612,
  "mse_21.3_38.0_8": 365.4215393066406,
  "mse_5.2_11.2_4": 283.7867431640625,
  "acc_21.3_38.0_9": 0.2397931069135666,
  "acc_38.0_50_1": 0.23224814236164093,
  "acc_0_5.2_9": 0.9307523965835571,
  "mse_0_5.2_5": 12876.27734375,
  "acc_11.2_21.3_8": 0.39576467871665955,
  "mse_0_5.2_3": 1635.9090576171875,
  "acc_11.2_21.3_3": 0.4268321990966797,
  "mse_11.2_21.3_4": 291.7742004394531,
  "mse_11.2_21.3_0": 165.2959747314453,
  "acc_21.3_38.0_6": 0.23446141183376312,
  "mse_11.2_21.3_5": 8454.6787109375,
  "mse_5.2_11.2_2": 82.6478500366211,
  "acc_38.0_50_3": 0.14613017439842224,
  "acc_50_inf_9": 0.10497380793094635,
  "mse_0_5.2_4": 264.8006591796875,
  "acc_50_inf_0": 0.1330450177192688,
  "acc_50_inf_3": 0.019042082130908966,
  "mse_0_5.2_7": 23.480106353759766,
  "acc_0_5.2_8": 0.9312435984611511,
  "mse_0": 377.4134826660156,
  "acc_11.2_21.3_2": 0.40701526403427124,
  "acc_4": 0.6834251284599304,
  "mae_5.2_11.2_1": 6.842769622802734,
  "acc_50_inf_5": 0.15923693776130676,
  "mse_38.0_50_5": 4071.255126953125,
  "acc_38.0_50_7": 0.18150535225868225,
  "mae_50_inf_2": 40.0198860168457,
  "mse_50_inf_7": 2548.36376953125,
  "mse_11.2_21.3_1": 151.21435546875,
  "mse_21.3_38.0_5": 5435.0263671875,
  "acc_50_inf_1": 0.08706005662679672,
  "mse_38.0_50_9": 693.6744384765625,
  "acc_5.2_11.2_1": 0.8611083626747131,
  "mse_38.0_50_2": 687.0220947265625,
  "mae_11.2_21.3_7": 10.51624584197998,
  "mse_11.2_21.3_8": 156.5959930419922,
  "mse_50_inf_8": 2177.4345703125,
  "mse_38.0_50_3": 1186.046875,
  "acc_6": 0.6917370557785034,
  "mse_7": 421.38311767578125,
  "mse_38.0_50_8": 671.026611328125,
  "acc_50_inf_6": 0.13901223242282867,
  "mse_1": 388.79638671875,
  "acc_50_inf_8": 0.11011423170566559,
  "acc_50_inf_2": 0.10901132225990295,
  "mae_21.3_38.0_7": 17.59235954284668,
  "mse_21.3_38.0_2": 371.4597473144531,
  "acc_11.2_21.3_0": 0.3929895758628845,
  "acc_0_5.2_0": 0.9366291761398315,
  "mse_21.3_38.0_3": 980.7918701171875,
  "mae_38.0_50_9": 22.811513900756836,
  "mse_0_5.2_2": 36.510189056396484,
  "mae_50_inf_5": 40.20486068725586,
  "mse_11.2_21.3_9": 154.08474731445312,