{
  "val_loss_3": 5.868914604187012,
  "mae_6": 10.1776704788208,
  "val_loss_8": 5.812561511993408,
  "mae_3": 11.72884750366211,
  "val_acc_1": 0.6539321541786194,
  "val_acc_2": 0.6582330465316772,
  "val_acc_7": 0.6611813902854919,
  "mae_7": 10.860780715942383,
  "mae_8": 10.417004585266113,
  "val_acc_9": 0.6613693237304688,
  "mae_9": 10.322789192199707,
  "val_loss": 5.766368389129639,
  "val_loss_7": 5.874040603637695,
  "val_acc_6": 0.6627903580665588,
  "val_loss_1": 5.61097526550293,
  "val_acc_8": 0.6592615246772766,
  "mae_4": 10.705501556396484,
  "mae_1": 10.44096565246582,
  "mae_0": 10.248591423034668,
  "val_acc_3": 0.6589479446411133,
  "val_loss_5": 6.025936126708984,
  "global_step": 2940,
  "val_loss_6": 5.690124988555908,
  "_timestamp": 1602912981.698119,
  "val_loss_0": 5.660127639770508,
  "mae_2": 10.3645601272583,
  "_step": 61,
  "val_acc_4": 0.6591259837150574,
  "mae_5": 12.815401077270508,
  "val_loss_2": 5.654162406921387,
  "val_acc_5": 0.6619126796722412,
  "val_acc_0": 0.6523014903068542,
  "val_loss_4": 5.761178970336914,
  "epoch": 29,
  "val_loss_9": 5.705655574798584,
  "_runtime": 7224.474102258682,
  "train_loss": 4.3279008865356445,
  "mse_5.2_11.2_2": 73.02906799316406,
  "acc_5.2_11.2_9": 0.8711210489273071,
  "mae_5.2_11.2_6": 6.862285137176514,
  "acc_38.0_50_1": 0.17752428352832794,
  "acc_50_inf_6": 0.12086647003889084,
  "acc_5.2_11.2_8": 0.8823016285896301,
  "mse_50_inf_1": 2202.66796875,
  "mse_5.2_11.2_6": 87.60176849365234,
  "mse_11.2_21.3_1": 152.91122436523438,
  "acc_0_5.2_3": 0.9533545970916748,
  "acc_11.2_21.3_2": 0.41839689016342163,
  "acc_11.2_21.3_1": 0.38988441228866577,
  "mae_38.0_50_4": 24.217758178710938,
  "mae_5.2_11.2_9": 6.755290508270264,
  "mae_5.2_11.2_3": 7.350313663482666,
  "acc_38.0_50_5": 0.1833130270242691,
  "mse_38.0_50_6": 718.9537353515625,
  "acc_5.2_11.2_7": 0.9024580121040344,
  "mse_21.3_38.0_3": 943.34375,
  "mse_21.3_38.0_5": 5877.2548828125,
  "mse_0_5.2_8": 20.796546936035156,
  "acc_0_5.2_5": 0.9324816465377808,
  "acc_50_inf_1": 0.10830444097518921,
  "mse_11.2_21.3_8": 158.0714874267578,
  "mse_5.2_11.2_8": 76.00025939941406,
  "acc_21.3_38.0_1": 0.19402652978897095,
  "mae_5.2_11.2_7": 6.056658744812012,
  "mae_11.2_21.3_3": 11.241206169128418,
  "mae_50_inf_7": 45.24663162231445,
  "mae_38.0_50_3": 26.317914962768555,
  "acc_50_inf_7": 0.04866276681423187,
  "mae_21.3_38.0_3": 18.798912048339844,
  "mse_38.0_50_5": 7682.67919921875,
  "mae_11.2_21.3_8": 10.916369438171387,
  "acc_21.3_38.0_4": 0.20996607840061188,
  "mae_50_inf_3": 45.062801361083984,
  "mse_0_5.2_6": 25.84469223022461,
  "mse_0_5.2_1": 19.558780670166016,
  "mse_5.2_11.2_7": 57.42428970336914,
  "mse_0_5.2_9": 23.459001541137695,
  "acc_11.2_21.3_3": 0.42425334453582764,
  "mse_11.2_21.3_4": 249.4738006591797,
  "mse_11.2_21.3_0": 162.95838928222656,
  "mae_50_inf_9": 39.90346145629883,
  "mae_5.2_11.2_8": 6.527906894683838,
  "mse_0_5.2_7": 14.637199401855469,
  "mae_11.2_21.3_4": 11.148520469665527,
  "mse_50_inf_2": 2158.747314453125,
  "mse_0_5.2_2": 23.88314437866211,
  "mae_21.3_38.0_0": 18.048171997070312,
  "mse_50_inf_0": 2067.190673828125,
  "mse_50_inf_6": 2083.398193359375,
  "acc_50_inf_0": 0.14118711650371552,
  "acc_11.2_21.3_5": 0.3823666572570801,
  "mse_50_inf_9": 2196.85302734375,
  "mse_5": 4024.615234375,
  "acc_38.0_50_9": 0.16605718433856964,
  "mse_0": 370.36907958984375,
  "mae_0_5.2_4": 2.4773786067962646,
  "mse_21.3_38.0_1": 403.69915771484375,
  "acc_9": 0.700425922870636,
  "mae_50_inf_4": 40.80398178100586,
  "acc_50_inf_5": 0.1736667901277542,
  "mse_50_inf_8": 2255.56396484375,
  "mae_0_5.2_6": 2.253152847290039,
  "acc_38.0_50_2": 0.2118612676858902,
  "mae_38.0_50_1": 24.687273025512695,
  "acc_11.2_21.3_9": 0.3848251402378082,
  "mse_38.0_50_9": 768.8384399414062,
  "acc_0_5.2_4": 0.9507576823234558,
  "mae_38.0_50_2": 22.9764404296875,
  "mae_50_inf_5": 36.98282241821289,
  "mse_38.0_50_7": 836.8942260742188,
  "mse_9": 380.08251953125,
  "mse_21.3_38.0_9": 409.95068359375,
  "mae_11.2_21.3_7": 10.768991470336914,
  "mse_0_5.2_3": 454.0908508300781,
  "mae_21.3_38.0_5": 22.68147850036621,
  "mae_50_inf_8": 40.94321823120117,
  "mse_5.2_11.2_1": 71.59790802001953,
  "acc_5.2_11.2_2": 0.8728762865066528,
  "mse_2": 374.46710205078125,
  "mae_21.3_38.0_9": 18.1436710357666,
  "acc_21.3_38.0_7": 0.1824427992105484,
  "acc_38.0_50_7": 0.15256904065608978,
  "mse_38.0_50_0": 751.9100341796875,
  "acc_5.2_11.2_5": 0.8217183351516724,
  "mae_5.2_11.2_4": 7.184160232543945,
  "mse_21.3_38.0_6": 388.07354736328125,
  "mae_11.2_21.3_6": 10.953540802001953,
  "mse_38.0_50_4": 836.8831176757812,
  "acc_5.2_11.2_3": 0.8932400345802307,
  "acc_21.3_38.0_8": 0.18906041979789734,
  "mae_21.3_38.0_4": 18.111520767211914,
  "mse_7": 422.634521484375,
  "acc_0": 0.6984830498695374,
  "mse_11.2_21.3_2": 147.52696228027344,
  "mae_11.2_21.3_5": 15.489974975585938,
  "acc_5.2_11.2_6": 0.8622878789901733,
  "acc_5": 0.6926988959312439,
  "mae_38.0_50_0": 24.227706909179688,
  "acc_38.0_50_4": 0.19804561138153076,
  "mse_11.2_21.3_7": 145.65963745117188,
  "acc_0_5.2_9": 0.955075204372406,
  "mse": 801.3569946289062,
  "mae_11.2_21.3_2": 10.479248046875,
  "mse_38.0_50_1": 775.9299926757812,
  "mae_21.3_38.0_2": 16.9775447845459,
  "mse_11.2_21.3_3": 697.078125,
  "acc_21.3_38.0_9": 0.19391758739948273,
  "mse_21.3_38.0_2": 366.3706970214844,
  "acc_5.2_11.2_4": 0.8713889718055725,
  "mse_11.2_21.3_5": 4923.84375,
  "mse_0_5.2_5": 3375.2109375,
  "mse_6": 366.05303955078125,
  "mae_5.2_11.2_2": 6.518543720245361,
  "acc_11.2_21.3_8": 0.378496378660202,
  "acc_38.0_50_3": 0.14727012813091278,
  "mae_0_5.2_8": 2.067721128463745,
  "mae_0_5.2_2": 2.2718005180358887,
  "mae_0_5.2_5": 4.901334285736084,
  "mse_3": 847.3418579101562,
  "acc_38.0_50_0": 0.18012858927249908,
  "acc_21.3_38.0_0": 0.19587332010269165,
  "acc_11.2_21.3_0": 0.391391396522522,
  "mse_50_inf_3": 2656.463623046875,
  "acc_7": 0.6975944638252258,
  "mae_38.0_50_7": 25.953388214111328,
  "mae_21.3_38.0_1": 18.04945945739746,
  "mae_0_5.2_9": 2.146453857421875,
  "mse_5.2_11.2_9": 85.5501480102539,
  "mse_8": 386.5919494628906,
  "mse_11.2_21.3_6": 164.8668670654297,
  "mae_5.2_11.2_5": 11.849571228027344,
  "mse_0_5.2_4": 92.39192962646484,
  "mae_11.2_21.3_9": 10.962373733520508,
  "acc_0_5.2_8": 0.9574320912361145,
  "mae_38.0_50_5": 29.12602424621582,
  "mae_50_inf_1": 40.28695297241211,
  "acc_21.3_38.0_5": 0.23060931265354156,
  "mae_50_inf_2": 40.13827133178711,
  "mae_21.3_38.0_7": 18.41036605834961,
  "acc_0_5.2_1": 0.960749626159668,
  "acc_2": 0.6952230930328369,
  "acc_50_inf_8": 0.10285823792219162,
  "acc_5.2_11.2_0": 0.8780564069747925,
  "mae_0_5.2_0": 2.099716901779175,
  "mse_5.2_11.2_5": 5076.11328125,
  "mse_21.3_38.0_7": 413.9715576171875,
  "mse_50_inf_5": 4358.8076171875,
  "mae_11.2_21.3_0": 10.916327476501465,
  "mae_0_5.2_1": 2.0048067569732666,
  "acc_3": 0.6894474625587463,
  "acc_4": 0.6965876817703247,
  "mse_38.0_50_2": 696.1694946289062,
  "acc_38.0_50_8": 0.18239840865135193,
  "mse_21.3_38.0_8": 406.5293273925781,
  "mae_5.2_11.2_1": 6.371768474578857,
  "acc_50_inf_9": 0.11850486695766449,
  "mse_38.0_50_3": 1203.38330078125,
  "acc_0_5.2_6": 0.9482887983322144,
  "mse_11.2_21.3_9": 163.50389099121094,
  "acc_50_inf_3": 0.040801286697387695,
  "acc_5.2_11.2_1": 0.8890710473060608,
  "mae_11.2_21.3_1": 10.751984596252441,
  "acc_1": 0.6982800364494324,
  "acc_38.0_50_6": 0.18803012371063232,
  "mse_0_5.2_0": 22.678077697753906,
  "acc_0_5.2_2": 0.9470531940460205,
  "mse_5.2_11.2_0": 81.1241226196289,
  "acc_50_inf_4": 0.10168655961751938,
  "acc_6": 0.6995735168457031,
  "acc_50_inf_2": 0.09128084033727646,
  "mae_0_5.2_7": 1.8769338130950928,
  "mse_21.3_38.0_0": 405.6845703125,
  "mae_5.2_11.2_0": 6.63593053817749,
  "mae_21.3_38.0_8": 18.155513763427734,
  "mae_21.3_38.0_6": 17.45036506652832,
  "acc_11.2_21.3_4": 0.3970007300376892,