{
  "val_acc_1": 0.6100049018859863,
  "val_loss_10": 7.5101823806762695,
  "val_acc_2": 0.6142953038215637,
  "val_acc_9": 0.6223340034484863,
  "val_acc_4": 0.6166524887084961,
  "val_loss_4": 5.718331336975098,
  "global_step": 2220,
  "mae_3": 15.793160438537598,
  "mae_13": 11.224600791931152,
  "mae_7": 13.209349632263184,
  "mae_2": 12.766024589538574,
  "val_loss_1": 5.626075267791748,
  "val_acc_12": 0.6253085136413574,
  "val_acc_13": 0.6275859475135803,
  "mae_5": 20.949050903320312,
  "mae_6": 11.13104248046875,
  "epoch": 29,
  "val_loss_8": 5.8351521492004395,
  "mae_0": 11.565556526184082,
  "val_loss_13": 5.734086036682129,
  "val_loss_0": 5.668017864227295,
  "val_loss": 6.091686248779297,
  "val_loss_9": 5.5233283042907715,
  "val_acc_6": 0.6189997792243958,
  "val_loss_2": 5.9566969871521,
  "_runtime": 5603.035163164139,
  "mae_12": 11.072967529296875,
  "val_acc_3": 0.6144617795944214,
  "val_acc_5": 0.619724690914154,
  "mae_1": 11.29251766204834,
  "val_acc_0": 0.6069170236587524,
  "mae_8": 11.424553871154785,
  "val_acc_10": 0.612582266330719,
  "val_acc_7": 0.6173760294914246,
  "val_acc_8": 0.6175984740257263,
  "mae_4": 11.6050443649292,
  "val_loss_5": 6.725196361541748,
  "val_loss_11": 6.873621940612793,
  "_step": 61,
  "val_loss_7": 6.136849403381348,
  "_timestamp": 1602991525.5301318,
  "val_loss_6": 5.632882118225098,
  "mae_10": 11.897669792175293,
  "val_acc_11": 0.6168156266212463,
  "mae_11": 12.911092758178711,
  "mae_9": 10.784914016723633,
  "val_loss_12": 5.609578609466553,
  "val_loss_3": 6.733603477478027,
  "train_loss": 5.2644476890563965,
  "mae_0_5.2_2": 2.4566280841827393,
  "mse_38.0_50_4": 725.1327514648438,
  "mae_38.0_50_9": 21.317251205444336,
  "mse_0_5.2_1": 34.82514572143555,
  "acc_2": 0.6383193135261536,
  "mae_50_inf_0": 34.8585319519043,
  "mse_11.2_21.3_0": 246.3137664794922,
  "mae_5.2_11.2_1": 6.805200099945068,
  "mse_11.2_21.3_13": 241.1556396484375,
  "mae_38.0_50_4": 23.172286987304688,
  "mse_5.2_11.2_0": 122.33287811279297,
  "mae_11.2_21.3_7": 10.72822380065918,
  "acc_21.3_38.0_12": 0.2158450037240982,
  "mae_21.3_38.0_13": 18.313106536865234,
  "mse": 2108.3173828125,
  "mae_0_5.2_0": 2.7243030071258545,
  "mse_50_inf_4": 1857.3370361328125,
  "mae_11.2_21.3_6": 11.921501159667969,
  "mae_50_inf_11": 49.719146728515625,
  "mse_5.2_11.2_8": 72.7315673828125,
  "mae_21.3_38.0_12": 17.833824157714844,
  "mse_11.2_21.3_1": 181.73556518554688,
  "acc_38.0_50_6": 0.1855182945728302,
  "mse_11.2_21.3_8": 164.2978515625,
  "mae_38.0_50_13": 23.988908767700195,
  "acc_50_inf_0": 0.15689009428024292,
  "mae_38.0_50_1": 23.191463470458984,
  "mse_0_5.2_12": 36.78983688354492,
  "mse_21.3_38.0_6": 433.8058166503906,
  "mae_11.2_21.3_11": 10.968772888183594,
  "mse_4": 457.32818603515625,
  "mae_21.3_38.0_3": 20.524463653564453,
  "acc_50_inf_1": 0.15070602297782898,
  "mse_0_5.2_10": 22.344688415527344,
  "mse_38.0_50_10": 825.03662109375,
  "mse_8": 427.2017822265625,
  "acc_5.2_11.2_5": 0.778545618057251,
  "mse_5.2_11.2_10": 64.73499298095703,
  "mae_0_5.2_3": 6.162759304046631,
  "acc_21.3_38.0_11": 0.13475890457630157,
  "mse_0_5.2_6": 44.66084671020508,
  "mse_50_inf_12": 1961.550537109375,
  "acc_11.2_21.3_13": 0.35525283217430115,
  "mae_50_inf_2": 47.44841384887695,
  "acc_50_inf_2": 0.009601721540093422,
  "mae_5.2_11.2_12": 7.042013168334961,
  "mae_50_inf_7": 51.20378875732422,
  "mse_11.2_21.3_2": 133.14453125,
  "mae_0_5.2_12": 2.4637744426727295,
  "mae_38.0_50_11": 28.594411849975586,
  "mae_38.0_50_6": 23.3565673828125,
  "acc_3": 0.6363525390625,
  "acc_5.2_11.2_10": 0.8948314189910889,
  "mse_5.2_11.2_13": 144.40599060058594,
  "mae_5.2_11.2_0": 7.6500244140625,
  "acc_8": 0.6627011895179749,
  "mae_38.0_50_3": 28.548480987548828,
  "mse_21.3_38.0_5": 13883.9013671875,
  "mse_0_5.2_11": 14.369072914123535,
  "acc_1": 0.6566607356071472,
  "acc_11.2_21.3_0": 0.29377803206443787,
  "acc_0_5.2_3": 0.9463330507278442,
  "mse_38.0_50_5": 14189.5166015625,
  "acc_38.0_50_4": 0.19144974648952484,
  "mse_21.3_38.0_7": 448.1407165527344,
  "mse_5.2_11.2_9": 95.83021545410156,
  "acc_5.2_11.2_9": 0.846062421798706,
  "acc_0_5.2_7": 0.9628005027770996,
  "mse_38.0_50_3": 2417.149169921875,
  "mse_0_5.2_4": 133.38980102539062,
  "acc_5.2_11.2_2": 0.9131433367729187,
  "mse_0_5.2_5": 26176.029296875,
  "mae_11.2_21.3_5": 22.90300178527832,
  "mse_5.2_11.2_1": 81.01012420654297,
  "mae_50_inf_3": 48.806907653808594,
  "acc_21.3_38.0_4": 0.23532353341579437,
  "mae_0_5.2_11": 1.86951744556427,
  "acc_11": 0.6467255353927612,
  "mae_38.0_50_10": 25.68446922302246,
  "acc_0_5.2_2": 0.9406846761703491,
  "mse_11": 539.7472534179688,
  "mse_11.2_21.3_6": 203.1308135986328,
  "mse_21.3_38.0_12": 408.8799743652344,
  "mse_0_5.2_0": 52.82204818725586,
  "acc_0": 0.6483551859855652,
  "acc_11.2_21.3_12": 0.3733718991279602,
  "mse_21.3_38.0_9": 362.4185791015625,
  "acc_21.3_38.0_2": 0.2052917182445526,
  "mae_21.3_38.0_1": 18.280288696289062,
  "acc_38.0_50_13": 0.1794903427362442,
  "acc_21.3_38.0_1": 0.20195826888084412,
  "mse_38.0_50_6": 716.6861572265625,
  "acc_0_5.2_8": 0.946952223777771,
  "acc_38.0_50_7": 0.02756595052778721,
  "acc_11.2_21.3_4": 0.3459595739841461,
  "mse_5.2_11.2_2": 51.1632080078125,
  "mae_21.3_38.0_10": 18.808517456054688,
  "mse_21.3_38.0_13": 461.8562316894531,
  "mae_0_5.2_6": 2.687415599822998,
  "mse_9": 377.6707763671875,
  "mae_0_5.2_5": 14.108808517456055,
  "mae_0_5.2_8": 2.2538561820983887,
  "mae_50_inf_4": 35.90403366088867,
  "acc_6": 0.6595761179924011,
  "mae_5.2_11.2_4": 7.665863037109375,
  "acc_50_inf_9": 0.16273774206638336,
  "mse_5.2_11.2_4": 168.5966796875,
  "acc_38.0_50_10": 0.15372584760189056,
  "mae_11.2_21.3_13": 12.305656433105469,
  "mse_38.0_50_12": 723.0819091796875,
  "acc_38.0_50_0": 0.17017781734466553,
  "acc_11.2_21.3_10": 0.32182368636131287,
  "mae_38.0_50_5": 32.55954360961914,
  "acc_50_inf_11": 0.01615038700401783,
  "mse_11.2_21.3_5": 18198.2265625,
  "mae_11.2_21.3_9": 11.23648738861084,
  "mse_50_inf_5": 9877.5458984375,
  "mae_5.2_11.2_7": 5.781266212463379,
  "mse_5.2_11.2_6": 103.59104919433594,
  "mae_21.3_38.0_0": 19.25824546813965,
  "mae_38.0_50_0": 24.53805923461914,
  "acc_5.2_11.2_3": 0.9167399406433105,
  "acc_50_inf_7": 0.002315795049071312,
  "mae_21.3_38.0_9": 16.529720306396484,
  "mse_38.0_50_11": 934.5419311523438,
  "mae_0_5.2_10": 2.068599224090576,
  "acc_38.0_50_12": 0.17924357950687408,
  "mae_50_inf_13": 34.33831787109375,
  "mse_11.2_21.3_12": 179.49481201171875,
  "mae_38.0_50_12": 23.63643455505371,
  "mae_5.2_11.2_10": 6.51713228225708,
  "mse_38.0_50_9": 617.3504638671875,
  "mae_11.2_21.3_4": 11.959953308105469,
  "acc_38.0_50_2": 0.08631104975938797,
  "acc_21.3_38.0_5": 0.24345603585243225,
  "acc_21.3_38.0_3": 0.17677490413188934,
  "mae_0_5.2_13": 3.0180697441101074,
  "mse_0_5.2_2": 26.703317642211914,
  "mae_21.3_38.0_5": 26.915485382080078,
  "mse_2": 502.125,
  "mse_11.2_21.3_10": 160.6616668701172,
  "mse_50_inf_9": 1819.6697998046875,
  "mse_21.3_38.0_4": 440.77044677734375,
  "mse_6": 394.8583679199219,
  "mae_50_inf_10": 42.742591857910156,
  "mse_0_5.2_3": 3881.772216796875,
  "acc_4": 0.6544290781021118,
  "acc_21.3_38.0_10": 0.17901329696178436,
  "mse_0_5.2_9": 40.7338752746582,
  "acc_38.0_50_9": 0.23091527819633484,
  "mae_0_5.2_1": 2.4723708629608154,
  "acc_5.2_11.2_1": 0.8832612633705139,
  "mae_5.2_11.2_6": 7.2923994064331055,
  "acc_11.2_21.3_3": 0.34679314494132996,
  "acc_21.3_38.0_0": 0.21210548281669617,
  "mse_0_5.2_7": 12.474279403686523,
  "mae_11.2_21.3_10": 11.296195983886719,
  "acc_50_inf_6": 0.1557481735944748,
  "acc_11.2_21.3_9": 0.37322425842285156,
  "mse_50_inf_13": 1735.4173583984375,
  "mse_5.2_11.2_3": 2442.804443359375,
  "mae_5.2_11.2_2": 5.972252368927002,
  "mse_1": 400.8511047363281,
  "acc_50_inf_8": 0.1106104627251625,
  "mse_5": 20867.0234375,
  "mae_0_5.2_7": 1.8438342809677124,
  "mae_11.2_21.3_1": 11.585330963134766,