{
    "val_loss_2": 2.5855648517608643,
    "mae_4": 6.172481536865234,
    "val_loss_6": 3.3446104526519775,
    "mae_0": 4.5175886154174805,
    "mae_7": 7.315027713775635,
    "val_acc_6": 0.6666503548622131,
    "mae_2": 5.874267578125,
    "val_loss_7": 3.5153956413269043,
    "_runtime": 5436.229677438736,
    "val_acc_5": 0.6644996404647827,
    "val_loss_9": 3.4329817295074463,
    "val_loss": 2.9208695888519287,
    "val_acc_8": 0.6674740314483643,
    "mae_1": 5.308162689208984,
    "val_acc_0": 0.6654812693595886,
    "val_acc_3": 0.6616682410240173,
    "global_step": 2940,
    "val_loss_4": 3.030548334121704,
    "_step": 61,
    "mae_8": 7.7386088371276855,
    "val_acc_2": 0.6625899076461792,
    "val_acc_4": 0.6646009683609009,
    "val_loss_8": 3.573138952255249,
    "val_loss_1": 2.019894599914551,
    "val_acc_7": 0.6670985221862793,
    "_timestamp": 1602921115.9290638,
    "val_acc_1": 0.6643356084823608,
    "val_acc_9": 0.6686006188392639,
    "mae_3": 8.20559024810791,
    "mae_5": 6.586288928985596,
    "mae_6": 6.848408222198486,
    "epoch": 29,
    "val_loss_3": 3.177394390106201,
    "mae_9": 7.15294075012207,
    "val_loss_5": 3.1471331119537354,
    "val_loss_0": 1.3820345401763916,
    "train_loss": 2.7204182147979736,
    "mse_21.3_38.0_0": 149.49440002441406,
    "acc_0_5.2_0": 0.9934243559837341,
    "acc_21.3_38.0_7": 0.3241475224494934,
    "acc_50_inf_4": 0.3509426414966583,
    "mae_38.0_50_9": 16.33966636657715,
    "mae_5.2_11.2_2": 5.702219486236572,
    "mse_5.2_11.2_4": 83.02288818359375,
    "mse_5.2_11.2_2": 61.49996566772461,
    "mae_5.2_11.2_3": 5.503690242767334,
    "mae_50_inf_6": 19.45118522644043,
    "mae_38.0_50_5": 15.057329177856445,
    "mse_50_inf_1": 412.19781494140625,
    "mse_38.0_50_7": 373.64276123046875,
    "mse_0_5.2_9": 11.682551383972168,
    "acc_0": 0.8387995958328247,
    "mse_3": 226.97206115722656,
    "acc_38.0_50_9": 0.3161683678627014,
    "mae_50_inf_3": 31.901630401611328,
    "acc_0_5.2_7": 0.9734492301940918,
    "mse_38.0_50_2": 279.3197937011719,
    "acc_38.0_50_4": 0.3743825852870941,
    "acc_9": 0.7539971470832825,
    "mse_21.3_38.0_9": 268.2483215332031,
    "mse_0_5.2_6": 21.853084564208984,
    "mse_0_5.2_5": 11.314343452453613,
    "acc_21.3_38.0_9": 0.33226126432418823,
    "acc_38.0_50_2": 0.4046557545661926,
    "mse_50_inf_8": 613.5834350585938,
    "acc_50_inf_7": 0.2756929397583008,
    "mae_5.2_11.2_1": 5.268570423126221,
    "acc_11.2_21.3_4": 0.511042058467865,
    "acc_50_inf_2": 0.3620920479297638,
    "mse_5.2_11.2_6": 120.84420013427734,
    "mse_4": 128.40386962890625,
    "mae_38.0_50_2": 13.614411354064941,
    "mse_11.2_21.3_2": 116.7718734741211,
    "acc_5.2_11.2_6": 0.8724690079689026,
    "mse_6": 160.2320098876953,
    "mae_0_5.2_4": 1.5592999458312988,
    "acc_7": 0.7588793635368347,
    "mse_5": 150.7109832763672,
    "acc_6": 0.7622331976890564,
    "mae_11.2_21.3_9": 9.830560684204102,
    "mse_11.2_21.3_5": 127.15269470214844,
    "acc_0_5.2_6": 0.9720432162284851,
    "acc_50_inf_0": 0.4920352101325989,
    "acc_5.2_11.2_9": 0.8985143303871155,
    "mae_11.2_21.3_6": 10.521377563476562,
    "mse_38.0_50_1": 236.0848388671875,
    "mse_50_inf_4": 517.5619506835938,
    "mae_0_5.2_1": 1.2765090465545654,
    "mse_0_5.2_1": 6.963523864746094,
    "mse_50_inf_0": 255.14999389648438,
    "mse_5.2_11.2_1": 53.82904815673828,
    "acc_5.2_11.2_2": 0.9225802421569824,
    "mae_5.2_11.2_4": 6.420881271362305,
    "acc_21.3_38.0_0": 0.5361300706863403,
    "mae_0_5.2_6": 1.7380224466323853,
    "acc_21.3_38.0_3": 0.25832584500312805,
    "acc_11.2_21.3_8": 0.457607626914978,
    "acc_38.0_50_8": 0.338521271944046,
    "mae_38.0_50_1": 12.436793327331543,
    "acc_38.0_50_3": 0.18247291445732117,
    "mse_11.2_21.3_7": 191.7908935546875,
    "acc_1": 0.8112177848815918,
    "acc_50_inf_3": 0.05617738515138626,
    "mae_21.3_38.0_1": 11.49334716796875,
    "acc_38.0_50_7": 0.3316178023815155,
    "mse_50_inf_2": 517.0819702148438,
    "mse_38.0_50_5": 331.66656494140625,
    "acc_11.2_21.3_1": 0.6140401363372803,
    "acc_0_5.2_2": 0.9837265014648438,
    "mae_11.2_21.3_7": 10.060351371765137,
    "mae_21.3_38.0_6": 14.487920761108398,
    "mse_50_inf_6": 599.2118530273438,
    "mse_5.2_11.2_8": 1061.8515625,
    "mse_5.2_11.2_3": 44.606956481933594,
    "mae_50_inf_8": 19.184825897216797,
    "mse_50_inf_7": 830.9043579101562,
    "acc_5.2_11.2_0": 0.9347783923149109,
    "mse_0_5.2_3": 6.86383581161499,
    "mae_11.2_21.3_2": 8.892998695373535,
    "acc_38.0_50_1": 0.445266455411911,
    "acc_21.3_38.0_2": 0.40761110186576843,
    "acc_5": 0.7695631384849548,
    "mse_21.3_38.0_6": 322.5240478515625,
    "acc_11.2_21.3_5": 0.49559035897254944,
    "mae_50_inf_2": 17.283105850219727,
    "acc_50_inf_8": 0.3167494833469391,
    "acc_21.3_38.0_6": 0.3688162863254547,
    "mae_5.2_11.2_0": 4.663890361785889,
    "mse_11.2_21.3_6": 182.48464965820312,
    "mae_5.2_11.2_7": 6.749184608459473,
    "mae_11.2_21.3_4": 9.546463966369629,
    "acc_0_5.2_5": 0.9806680083274841,
    "mae_21.3_38.0_0": 9.912220001220703,
    "mae_21.3_38.0_3": 14.864323616027832,
    "acc_5.2_11.2_1": 0.9345003366470337,
    "mae_0_5.2_0": 1.1349132061004639,
    "mse_50_inf_9": 934.9747924804688,
    "mae_0_5.2_2": 1.3962113857269287,
    "mae_50_inf_1": 15.038253784179688,
    "mse_21.3_38.0_4": 246.77804565429688,
    "mae_5.2_11.2_5": 6.1729326248168945,
    "mse_11.2_21.3_3": 109.48165130615234,
    "mse_0_5.2_4": 13.808730125427246,
    "acc_21.3_38.0_5": 0.36694785952568054,
    "mae_0_5.2_3": 1.3585702180862427,
    "mse_38.0_50_3": 456.2162780761719,
    "mse_11.2_21.3_8": 717.8553466796875,
    "mae_21.3_38.0_2": 12.383307456970215,
    "mae_38.0_50_0": 10.532308578491211,
    "mse_11.2_21.3_9": 129.89976501464844,
    "mae_38.0_50_4": 14.675390243530273,
    "acc_5.2_11.2_7": 0.9021155834197998,
    "mae_21.3_38.0_5": 13.38601016998291,
    "mae_0_5.2_9": 1.5139639377593994,
    "mae_11.2_21.3_0": 7.606657028198242,
    "acc_21.3_38.0_1": 0.44751623272895813,
    "mse_21.3_38.0_7": 292.2045593261719,
    "mse_38.0_50_6": 464.4635009765625,
    "mse_5.2_11.2_7": 167.2675323486328,
    "acc_0_5.2_8": 0.9707365036010742,
    "acc_2": 0.7899369597434998,
    "mse_5.2_11.2_9": 67.84535217285156,
    "mae_11.2_21.3_5": 9.490671157836914,
    "mse_38.0_50_9": 383.5234375,
    "mae_50_inf_4": 17.433225631713867,
    "acc_11.2_21.3_9": 0.4555220305919647,
    "mse_0_5.2_7": 87.9129638671875,
    "mse_0": 65.82887268066406,
    "mae_38.0_50_3": 19.029165267944336,
    "mae_50_inf_7": 22.555166244506836,
    "acc_0_5.2_9": 0.9783811569213867,
    "acc_8": 0.7613122463226318,
    "acc_0_5.2_1": 0.9882205128669739,
    "mse_9": 179.76242065429688,
    "mse_50_inf_3": 1288.3487548828125,
    "acc_5.2_11.2_4": 0.8948661684989929,
    "mse_50_inf_5": 707.5165405273438,
    "mae_38.0_50_8": 16.54461669921875,
    "mse_11.2_21.3_1": 103.59992980957031,
    "mse_38.0_50_0": 176.31103515625,
    "mae_38.0_50_6": 17.368236541748047,
    "acc_11.2_21.3_3": 0.48387411236763,
    "mae_50_inf_9": 24.706892013549805,
    "mse_11.2_21.3_4": 136.3481903076172,
    "mae_50_inf_0": 12.107588768005371,
    "acc_21.3_38.0_8": 0.33131733536720276,
    "mae_38.0_50_7": 16.026540756225586,
    "mae_11.2_21.3_1": 8.29704475402832,
    "acc_21.3_38.0_4": 0.39641112089157104,
    "acc_11.2_21.3_2": 0.5613877773284912,
    "acc_4": 0.7786942720413208,
    "mae_21.3_38.0_9": 14.08962345123291,
    "mse_21.3_38.0_3": 278.03851318359375,
    "mae_21.3_38.0_4": 13.003400802612305,
    "acc_50_inf_6": 0.2982630431652069,
    "mse_5.2_11.2_5": 70.84716033935547,
    "mse_0_5.2_0": 3.7388298511505127,
    "mae_0_5.2_7": 2.060723304748535,
    "mae_21.3_38.0_8": 14.878815650939941,
    "mse_7": 227.96449279785156,
    "acc_38.0_50_0": 0.52962726354599,
    "mse_21.3_38.0_5": 249.78399658203125,
    "acc_11.2_21.3_7": 0.48107901215553284,
    "acc_38.0_50_6": 0.33171188831329346,