{
  "val_loss_11": 3.1801750659942627,
  "_runtime": 30411.962203264236,
  "_timestamp": 1603036697.3458002,
  "val_loss_3": 2.780172348022461,
  "mae_4": 12.730345726013184,
  "global_step": 2220,
  "val_loss_13": 2.1874330043792725,
  "val_loss_12": 2.1596038341522217,
  "mae_10": 11.23044490814209,
  "val_acc_0": 0.6221796274185181,
  "mae_7": 11.532914161682129,
  "mae_2": 13.084728240966797,
  "val_loss_2": 2.326190710067749,
  "val_acc_5": 0.6279790997505188,
  "val_acc_7": 0.6317156553268433,
  "_step": 61,
  "val_acc_6": 0.6343411803245544,
  "val_acc_3": 0.6264650225639343,
  "val_loss_1": 2.1980228424072266,
  "val_loss_10": 3.8360769748687744,
  "mae_5": 34.424964904785156,
  "val_acc_9": 0.6356906294822693,
  "val_acc_10": 0.6255607604980469,
  "mae_9": 10.842080116271973,
  "mae_0": 11.11152458190918,
  "mae_1": 12.187470436096191,
  "val_acc_12": 0.6396702527999878,
  "val_acc_2": 0.6298576593399048,
  "mae_11": 11.791666030883789,
  "val_loss": 2.5386297702789307,
  "val_acc_1": 0.6268097162246704,
  "val_loss_5": 2.9083046913146973,
  "mae_3": 22.289812088012695,
  "val_acc_8": 0.6330321431159973,
  "mae_6": 12.370079040527344,
  "val_loss_7": 2.6175506114959717,
  "val_loss_8": 2.5084428787231445,
  "mae_13": 10.901925086975098,
  "mae_8": 11.244274139404297,
  "mae_12": 11.14851188659668,
  "val_acc_4": 0.6312989592552185,
  "val_acc_11": 0.6298533082008362,
  "val_acc_13": 0.640145480632782,
  "val_loss_6": 2.246062755584717,
  "val_loss_9": 2.114269971847534,
  "val_loss_0": 2.195322036743164,
  "epoch": 29,
  "val_loss_4": 2.2831871509552,
  "train_loss": 2.08168625831604,
  "mae_21.3_38.0_8": 12.270514488220215,
  "mae_11.2_21.3_2": 7.232470989227295,
  "mse_5.2_11.2_8": 101.34701538085938,
  "mae_50_inf_5": 30.077373504638672,
  "mse_38.0_50_0": 414.2071838378906,
  "mse_38.0_50_5": 17193.21484375,
  "acc_13": 0.644169270992279,
  "mse_21.3_38.0_5": 17160.087890625,
  "acc_4": 0.6317245960235596,
  "mae_21.3_38.0_7": 13.325328826904297,
  "acc_10": 0.6534157395362854,
  "mse_38.0_50_1": 425.5762023925781,
  "acc_38.0_50_7": 0.21400873363018036,
  "mse_38.0_50_12": 412.6103515625,
  "acc_50_inf_7": 0.07082588970661163,
  "acc_38.0_50_3": 0.1896643489599228,
  "acc_50_inf_9": 0.20140740275382996,
  "mae_11.2_21.3_7": 8.079686164855957,
  "mse_0_5.2_6": 347.91162109375,
  "mae_5.2_11.2_2": 4.8178911209106445,
  "mae_38.0_50_11": 20.480680465698242,
  "mse_50_inf_6": 1573.72265625,
  "mae_50_inf_12": 32.289459228515625,
  "mse_50_inf_10": 1693.689453125,
  "mse_0_5.2_13": 117.98313903808594,
  "mse_5.2_11.2_7": 61.08715057373047,
  "acc_21.3_38.0_2": 0.37212759256362915,
  "mse_21.3_38.0_1": 208.21823120117188,
  "acc_21.3_38.0_7": 0.34978029131889343,
  "acc_0_5.2_1": 0.8155707120895386,
  "mse_5.2_11.2_6": 158.3472137451172,
  "mae_11.2_21.3_12": 8.774362564086914,
  "mae_5.2_11.2_13": 8.122893333435059,
  "mse_21.3_38.0_8": 215.1167449951172,
  "mae_38.0_50_8": 16.046728134155273,
  "acc_11.2_21.3_5": 0.5203463435173035,
  "mae_38.0_50_7": 19.3985595703125,
  "mae_0_5.2_6": 7.757404804229736,
  "mse_1": 359.3492431640625,
  "mse_11.2_21.3_2": 80.93688201904297,
  "acc_38.0_50_2": 0.21611525118350983,
  "mse_5.2_11.2_5": 27862.884765625,
  "acc_50_inf_2": 0.0631713792681694,
  "mse_21.3_38.0_13": 234.1483917236328,
  "mse_38.0_50_2": 453.81353759765625,
  "acc_21.3_38.0_10": 0.37589484453201294,
  "mse_21.3_38.0_0": 269.3160705566406,
  "acc_50_inf_10": 0.11982940137386322,
  "mae_0_5.2_8": 5.9015045166015625,
  "acc_0_5.2_0": 0.8364239931106567,
  "mse_0_5.2_1": 87.82144165039062,
  "acc_38.0_50_5": 0.29688334465026855,
  "mse_5.2_11.2_3": 3995.71630859375,
  "acc_11.2_21.3_8": 0.6148155927658081,
  "acc_11.2_21.3_0": 0.5267626047134399,
  "mse_10": 346.372802734375,
  "mae_50_inf_13": 28.1936092376709,
  "mse": 5158.4775390625,
  "mse_5.2_11.2_4": 214.8777313232422,
  "mse_0_5.2_5": 93213.1953125,
  "acc_5.2_11.2_8": 0.7863091230392456,
  "mae_5.2_11.2_7": 5.483303546905518,
  "mae_38.0_50_6": 17.070016860961914,
  "acc_0_5.2_11": 0.869280993938446,
  "mse_0_5.2_0": 98.68509674072266,
  "mae_50_inf_8": 32.58746337890625,
  "mse_0_5.2_8": 87.51471710205078,
  "mse_38.0_50_7": 491.20147705078125,
  "acc_0_5.2_5": 0.7834242582321167,
  "mse_21.3_38.0_4": 289.8497619628906,
  "mse_50_inf_1": 1752.7347412109375,
  "mae_11.2_21.3_6": 9.194844245910645,
  "mae_11.2_21.3_13": 10.286026954650879,
  "acc_50_inf_6": 0.14199531078338623,
  "mse_0_5.2_2": 128.322265625,
  "mse_50_inf_4": 1369.7421875,
  "mse_11.2_21.3_9": 140.92529296875,
  "acc_50_inf_8": 0.13842982053756714,
  "acc_2": 0.6187167167663574,
  "mse_50_inf_0": 1329.7972412109375,
  "mse_38.0_50_6": 415.4664306640625,
  "mse_8": 331.4209899902344,
  "mae_50_inf_1": 36.48005676269531,
  "acc_11.2_21.3_12": 0.6104611158370972,
  "mae_0_5.2_12": 5.731042861938477,
  "mae_21.3_38.0_5": 21.988908767700195,
  "acc_50_inf_13": 0.21016889810562134,
  "mae_0_5.2_7": 4.982967376708984,
  "acc_50_inf_11": 0.06757532805204391,
  "acc_5.2_11.2_13": 0.7525516152381897,
  "acc_5.2_11.2_6": 0.8103926181793213,
  "mse_21.3_38.0_3": 2770.36279296875,
  "acc_21.3_38.0_1": 0.3834923207759857,
  "acc_0_5.2_6": 0.8296782374382019,
  "mae_11.2_21.3_0": 10.093459129333496,
  "mse_21.3_38.0_2": 205.31137084960938,
  "mse_50_inf_11": 1989.7003173828125,
  "acc_5.2_11.2_10": 0.8179040551185608,
  "acc_38.0_50_8": 0.33223623037338257,
  "mae_0_5.2_0": 5.671047210693359,
  "mse_13": 312.01104736328125,
  "acc_38.0_50_4": 0.3050442636013031,
  "mae_11.2_21.3_4": 9.73548698425293,
  "acc_38.0_50_6": 0.2916617691516876,
  "mae_21.3_38.0_3": 15.425100326538086,
  "acc_38.0_50_11": 0.17107248306274414,
  "mse_50_inf_7": 1859.5946044921875,
  "acc_5.2_11.2_5": 0.7516223788261414,
  "acc_11.2_21.3_11": 0.6625093221664429,
  "acc_5.2_11.2_12": 0.7881720066070557,
  "mse_21.3_38.0_7": 239.4515838623047,
  "mae_11.2_21.3_9": 9.486095428466797,
  "mse_0_5.2_3": 16548.966796875,
  "mse_38.0_50_8": 373.3253479003906,
  "acc_38.0_50_12": 0.26704952120780945,
  "mae_38.0_50_12": 17.399898529052734,
  "acc_38.0_50_1": 0.25204214453697205,
  "mse_2": 401.52081298828125,
  "mse_11.2_21.3_13": 166.204345703125,
  "mae_11.2_21.3_5": 20.040882110595703,
  "acc_12": 0.6542183756828308,
  "mae_38.0_50_1": 17.873580932617188,
  "mse_38.0_50_11": 527.4931030273438,
  "mae_50_inf_3": 41.12800979614258,
  "mae_5.2_11.2_9": 7.2621684074401855,
  "mse_50_inf_12": 1535.711181640625,
  "mae_50_inf_9": 29.224576950073242,
  "acc_0": 0.6368162035942078,
  "mae_5.2_11.2_12": 6.527879238128662,
  "acc_21.3_38.0_13": 0.41743797063827515,
  "mse_38.0_50_3": 2517.68603515625,
  "mse_11.2_21.3_3": 3374.9140625,
  "acc_0_5.2_9": 0.8312562108039856,
  "mse_11.2_21.3_8": 118.47351837158203,
  "acc_0_5.2_4": 0.806107759475708,
  "mse_50_inf_13": 1250.8994140625,
  "acc_9": 0.6454046368598938,
  "mae_38.0_50_9": 16.579750061035156,
  "mse_11.2_21.3_7": 94.33077239990234,
  "mse_7": 363.6104431152344,
  "mse_11.2_21.3_11": 85.24138641357422,
  "acc_0_5.2_8": 0.8369205594062805,
  "mae_5.2_11.2_5": 19.29652976989746,
  "acc_5.2_11.2_0": 0.7978935241699219,
  "mae_5.2_11.2_10": 6.231251239776611,
  "acc_5.2_11.2_7": 0.848507821559906,
  "mae_0_5.2_1": 6.697610378265381,
  "acc_38.0_50_10": 0.26735424995422363,
  "mae_50_inf_2": 38.08015823364258,
  "mse_9": 310.84368896484375,
  "acc_11.2_21.3_2": 0.7389603853225708,
  "mse_12": 326.2052001953125,
  "mae_5.2_11.2_4": 7.273654460906982,
  "acc_11.2_21.3_6": 0.6093682646751404,
  "mae_38.0_50_10": 18.127750396728516,
  "mae_21.3_38.0_1": 12.36734676361084,
  "mae_11.2_21.3_3": 10.383267402648926,
  "mae_21.3_38.0_6": 13.048672676086426,
  "mse_11": 378.53125,
  "mae_5.2_11.2_8": 6.7426276206970215,
  "mae_21.3_38.0_11": 13.483498573303223,
  "mse_38.0_50_4": 400.8424987792969,
  "mse_0_5.2_9": 94.15219116210938,
  "acc_21.3_38.0_12": 0.3988701105117798,
  "mse_21.3_38.0_6": 258.8392028808594,
  "mae_11.2_21.3_10": 8.646296501159668,
  "mse_0_5.2_10": 70.64544677734375,