{
  "mae_5": 5.93342924118042,
  "val_acc_4": 0.6808838248252869,
  "val_loss_8": 1.1893243789672852,
  "val_acc_2": 0.6823829412460327,
  "mae_3": 5.695338726043701,
  "mae_6": 6.073668479919434,
  "val_loss_2": 0.9192982912063599,
  "val_acc_0": 0.6836044788360596,
  "val_loss_4": 1.045262098312378,
  "val_acc_1": 0.683545708656311,
  "val_loss_9": 1.2100833654403687,
  "val_loss_7": 1.1574923992156982,
  "val_acc_9": 0.6800733804702759,
  "mae_8": 6.258978843688965,
  "val_loss_6": 1.1349101066589355,
  "epoch": 99,
  "val_loss_0": 0.536043107509613,
  "global_step": 28400,
  "val_acc_8": 0.6798660159111023,
  "_runtime": 75767.46888279915,
  "val_acc_5": 0.680044412612915,
  "val_loss_1": 0.7466145753860474,
  "mae_4": 5.827488422393799,
  "mae_1": 4.741020679473877,
  "val_acc_7": 0.6801540851593018,
  "_step": 201,
  "mae_2": 5.376208782196045,
  "mae_9": 6.400344371795654,
  "val_loss_3": 1.0091720819473267,
  "val_loss": 1.003157138824463,
  "val_acc_6": 0.6802056431770325,
  "_timestamp": 1598228889.5467377,
  "val_loss_5": 1.0833710432052612,
  "mae_7": 6.183261871337891,
  "val_acc_3": 0.6816866397857666,
  "mae_0": 3.7774572372436523,
  "train_loss": 0.6662032604217529,
  "mae_50_inf_0": 11.634390830993652,
  "acc_21.3_38.0_3": 0.5371462106704712,
  "mae_21.3_38.0_3": 9.7490873336792,
  "mae_21.3_38.0_2": 9.088930130004883,
  "mse_5.2_11.2_5": 56.21614074707031,
  "acc_50_inf_6": 0.3355039358139038,
  "mse_38.0_50_9": 278.5772399902344,
  "acc_5.2_11.2_0": 0.9609768986701965,
  "mse_11.2_21.3_5": 86.10147094726562,
  "acc_21.3_38.0_0": 0.6926113367080688,
  "mse_50_inf_4": 567.7756958007812,
  "mse_38.0_50_5": 240.50852966308594,
  "mae_5.2_11.2_6": 4.9223856925964355,
  "acc_0": 0.8790602087974548,
  "acc_11.2_21.3_3": 0.7655221223831177,
  "mse_21.3_38.0_4": 154.41815185546875,
  "acc_0_5.2_2": 0.9698218703269958,
  "mse_38.0_50_1": 152.23915100097656,
  "mae_38.0_50_4": 12.228821754455566,
  "acc_38.0_50_7": 0.4210062623023987,
  "acc_3": 0.8137122392654419,
  "mse_2": 100.21888732910156,
  "mse_0_5.2_9": 17.96434211730957,
  "acc_38.0_50_0": 0.6499080061912537,
  "mae_11.2_21.3_5": 7.29052209854126,
  "mae_5.2_11.2_1": 3.9731719493865967,
  "acc_7": 0.7969900965690613,
  "acc_50_inf_5": 0.3460148572921753,
  "mse_50_inf_7": 637.7545776367188,
  "mse_7": 129.66070556640625,
  "mae_11.2_21.3_8": 7.525628566741943,
  "mae_0_5.2_1": 1.6633695363998413,
  "mse_38.0_50_0": 107.1689453125,
  "mse_0_5.2_7": 16.103965759277344,
  "mae_38.0_50_8": 13.376618385314941,
  "mae_0_5.2_7": 2.176612377166748,
  "mse_11.2_21.3_0": 44.68740463256836,
  "acc_5.2_11.2_2": 0.9140282273292542,
  "acc_11.2_21.3_4": 0.7430599927902222,
  "mse_11.2_21.3_6": 89.61843872070312,
  "mse_21.3_38.0_1": 104.49163055419922,
  "mae_11.2_21.3_4": 7.022548675537109,
  "mae_11.2_21.3_0": 5.299293041229248,
  "mse_6": 126.83890533447266,
  "acc_50_inf_8": 0.3253582715988159,
  "mae_38.0_50_1": 9.814528465270996,
  "acc_5.2_11.2_1": 0.9299823641777039,
  "acc_38.0_50_3": 0.47098761796951294,
  "mse_11.2_21.3_9": 92.24861907958984,
  "mae_21.3_38.0_4": 10.186765670776367,
  "mse_0_5.2_6": 15.265456199645996,
  "acc_0_5.2_8": 0.9657335877418518,
  "acc_5.2_11.2_6": 0.9090278148651123,
  "mse_0_5.2_2": 13.481467247009277,
  "mae_11.2_21.3_1": 5.826234340667725,
  "mse_21.3_38.0_2": 124.61338806152344,
  "mse_0_5.2_0": 3.121562957763672,
  "mae_11.2_21.3_9": 7.5485615730285645,
  "acc_11.2_21.3_1": 0.8246066570281982,
  "acc_21.3_38.0_2": 0.5749220252037048,
  "mse_0_5.2_8": 17.399564743041992,
  "mse_0_5.2_1": 9.084087371826172,
  "mse_21.3_38.0_5": 165.67518615722656,
  "mse_21.3_38.0_8": 181.30503845214844,
  "mae_0_5.2_3": 2.1383190155029297,
  "mae_5.2_11.2_9": 4.8848161697387695,
  "acc_21.3_38.0_1": 0.6294947862625122,
  "mae_0_5.2_8": 2.260326385498047,
  "mae_50_inf_1": 15.458127975463867,
  "mae_0_5.2_6": 2.1153173446655273,
  "mae_38.0_50_2": 10.986347198486328,
  "acc_38.0_50_8": 0.41299667954444885,
  "acc_50_inf_2": 0.36273854970932007,
  "mse_50_inf_9": 672.5250854492188,
  "mae_50_inf_3": 18.01968002319336,
  "acc_38.0_50_1": 0.5589342713356018,
  "acc_21.3_38.0_5": 0.4925430119037628,
  "mae_0_5.2_0": 1.1931949853897095,
  "mse_21.3_38.0_3": 142.16563415527344,
  "mse_0_5.2_5": 14.919063568115234,
  "acc_5": 0.8040451407432556,
  "mae_50_inf_4": 18.1408748626709,
  "acc_0_5.2_1": 0.9803827404975891,
  "mse_21.3_38.0_0": 83.86868286132812,
  "acc_0_5.2_4": 0.9676278233528137,
  "mae_0_5.2_2": 1.9971739053726196,
  "acc_50_inf_0": 0.4898351728916168,
  "mae_5.2_11.2_3": 4.610821723937988,
  "acc_11.2_21.3_0": 0.8541778326034546,
  "acc_0_5.2_0": 0.9956262707710266,
  "acc_11.2_21.3_5": 0.7194559574127197,
  "mse_50_inf_3": 565.8698120117188,
  "mae_38.0_50_7": 13.20650863647461,
  "acc_5.2_11.2_8": 0.9076294898986816,
  "mse_11.2_21.3_4": 80.78083038330078,
  "acc_0_5.2_3": 0.9667622447013855,
  "mse_38.0_50_6": 249.58692932128906,
  "acc_21.3_38.0_9": 0.4463019073009491,
  "mse_38.0_50_7": 263.4876708984375,
  "acc_11.2_21.3_9": 0.704937756061554,
  "acc_5.2_11.2_5": 0.9115512371063232,
  "acc_5.2_11.2_9": 0.9113703966140747,
  "acc_8": 0.794367790222168,
  "mse_5.2_11.2_7": 58.72782516479492,
  "mae_5.2_11.2_5": 4.840315818786621,
  "mse_11.2_21.3_1": 56.616573333740234,
  "mae_50_inf_5": 18.417972564697266,
  "mae_11.2_21.3_6": 7.417038440704346,
  "acc_21.3_38.0_8": 0.46204546093940735,
  "acc_6": 0.8005470633506775,
  "acc_11.2_21.3_6": 0.7115821242332458,
  "mse_5.2_11.2_2": 48.47023010253906,
  "acc_21.3_38.0_6": 0.4777258634567261,
  "mse_38.0_50_2": 186.7476043701172,
  "mse_21.3_38.0_7": 178.99380493164062,
  "acc_50_inf_4": 0.34882375597953796,
  "mae_21.3_38.0_5": 10.603981971740723,
  "mse_4": 114.92037963867188,
  "mae_50_inf_9": 20.1099910736084,
  "mae_11.2_21.3_2": 6.377068042755127,
  "mae_38.0_50_0": 8.147436141967773,
  "mae_21.3_38.0_6": 10.898884773254395,
  "mse_0_5.2_4": 15.114555358886719,
  "mse": 109.66897583007812,
  "acc_38.0_50_2": 0.5018652081489563,
  "acc_0_5.2_7": 0.9682682752609253,
  "acc_2": 0.8242936730384827,
  "mse_3": 111.34980773925781,
  "mae_5.2_11.2_8": 4.970693111419678,
  "mae_38.0_50_6": 12.80976390838623,
  "acc_5.2_11.2_3": 0.9111258387565613,
  "mse_1": 79.72428131103516,
  "acc_50_inf_3": 0.3532091975212097,
  "mse_5.2_11.2_4": 53.61296844482422,
  "acc_11.2_21.3_2": 0.7922952175140381,
  "mse_21.3_38.0_6": 174.2978057861328,
  "mae_11.2_21.3_7": 7.436568737030029,
  "mse_0": 46.50996398925781,
  "mae_5.2_11.2_7": 4.883586883544922,
  "acc_38.0_50_6": 0.43572503328323364,
  "acc_38.0_50_9": 0.39918655157089233,
  "acc_9": 0.7900745272636414,
  "acc_11.2_21.3_8": 0.7058631777763367,
  "mse_38.0_50_8": 268.80078125,
  "acc_38.0_50_5": 0.4438849985599518,
  "mse_50_inf_2": 519.2346801757812,
  "mse_50_inf_5": 587.2131958007812,
  "mae_50_inf_7": 19.360300064086914,
  "mse_11.2_21.3_8": 92.5032730102539,
  "mse_5.2_11.2_0": 20.955339431762695,
  "acc_0_5.2_5": 0.9689631462097168,
  "acc_11.2_21.3_7": 0.7099485397338867,
  "mse_50_inf_6": 627.2083129882812,
  "acc_0_5.2_6": 0.9692918658256531,
  "mse_50_inf_1": 417.9735412597656,
  "mse_0_5.2_3": 15.218255996704102,
  "acc_0_5.2_9": 0.9654064774513245,
  "acc_50_inf_1": 0.4045643210411072,
  "acc_5.2_11.2_7": 0.9112075567245483,
  "mae_5.2_11.2_2": 4.427273273468018,
  "acc_38.0_50_4": 0.45288342237472534,
  "mse_21.3_38.0_9": 186.7805938720703,
  "mse_11.2_21.3_3": 75.33342742919922,
  "acc_50_inf_7": 0.3257289230823517,
  "mae_38.0_50_9": 13.680551528930664,
  "mae_5.2_11.2_4": 4.702249526977539,
  "mae_21.3_38.0_8": 11.170129776000977,
  "mae_21.3_38.0_9": 11.39412784576416,
  "mse_5": 119.56285858154297,
  "mae_11.2_21.3_3": 6.751056671142578,
  "mae_50_inf_6": 19.035734176635742,
  "acc_5.2_11.2_4": 0.9104186296463013,
  "mse_9": 136.40115356445312,
  "mse_8": 131.50283813476562,
  "mae_0_5.2_9": 2.30367112159729,
  "mse_5.2_11.2_6": 58.375755310058594,
  "acc_50_inf_9": 0.30592432618141174,
  "mse_38.0_50_3": 210.8286895751953,