{
  "epoch": 29,
  "val_loss_0": 6.062453269958496,
  "_step": 61,
  "_runtime": 4588.709004402161,
  "mae_0": 10.801814079284668,
  "global_step": 2940,
  "_timestamp": 1602840956.4414322,
  "val_loss": 6.062453269958496,
  "val_acc_0": 0.6399425268173218,
  "train_loss": 4.340709686279297,
  "mse_50_inf_0": 1957.74365234375,
  "acc_50_inf_0": 0.16570957005023956,
  "mae_11.2_21.3_0": 11.883328437805176,
  "mse_0": 393.9788513183594,
  "mae_5.2_11.2_0": 7.479922771453857,
  "acc_11.2_21.3_0": 0.3515070974826813,
  "acc_0": 0.6786546111106873,
  "acc_21.3_38.0_0": 0.1983276754617691,
  "mse_38.0_50_0": 765.38623046875,
  "mse_0_5.2_0": 45.0698127746582,
  "mae_0_5.2_0": 2.5980031490325928,
  "mse_21.3_38.0_0": 456.6222839355469,
  "mse": 393.9788513183594,
  "acc_38.0_50_0": 0.17120514810085297,
  "mse_11.2_21.3_0": 208.1435546875,
  "mae_38.0_50_0": 24.427947998046875,
  "acc_5.2_11.2_0": 0.8543161749839783,
  "acc_0_5.2_0": 0.9380362629890442,
  "mae_21.3_38.0_0": 18.875822067260742,
  "mae_50_inf_0": 36.30657958984375,
  "mse_5.2_11.2_0": 115.12600708007812
}