{
  "val_acc_8": 0.6337670087814331,
  "mae_0": 10.81081485748291,
  "val_acc_1": 0.6220182180404663,
  "val_loss_12": 2.1194963455200195,
  "val_loss_13": 2.2794058322906494,
  "val_acc_2": 0.6254873275756836,
  "val_loss_2": 2.1789755821228027,
  "val_acc_7": 0.633487343788147,
  "val_loss_9": 2.2114288806915283,
  "val_loss_11": 2.4977591037750244,
  "val_acc_3": 0.6257630586624146,
  "val_acc_10": 0.6308678984642029,
  "mae_5": 20.902233123779297,
  "val_loss_0": 2.238851308822632,
  "val_loss_5": 2.562664031982422,
  "mae_12": 10.477927207946777,
  "mae_6": 11.111260414123535,
  "val_loss_6": 2.216320037841797,
  "mae_3": 15.422904968261719,
  "val_acc_9": 0.6337047219276428,
  "epoch": 29,
  "val_acc_13": 0.6374322772026062,
  "_step": 61,
  "val_loss_1": 2.152522563934326,
  "_runtime": 12951.24016046524,
  "mae_8": 10.47636604309082,
  "mae_1": 10.906068801879883,
  "val_acc_12": 0.6396477818489075,
  "val_loss_4": 2.211183786392212,
  "mae_4": 11.377310752868652,
  "mae_2": 11.458649635314941,
  "val_loss_8": 2.22145938873291,
  "_timestamp": 1603179757.174504,
  "val_loss_7": 2.2438771724700928,
  "val_acc_5": 0.6278185248374939,
  "mae_10": 10.511232376098633,
  "val_loss": 2.3035409450531006,
  "mae_7": 10.7095308303833,
  "val_loss_10": 2.7594542503356934,
  "mae_13": 10.695087432861328,
  "val_acc_0": 0.6166080236434937,
  "mae_11": 11.020003318786621,
  "mae_9": 10.420214653015137,
  "val_acc_4": 0.6292386651039124,
  "val_acc_11": 0.6360143423080444,
  "global_step": 2940,
  "val_loss_3": 2.356175184249878,
  "val_acc_6": 0.6324547529220581,
  "train_loss": 1.8728221654891968,
  "mse_11.2_21.3_1": 165.39385986328125,
  "mae_5.2_11.2_6": 8.24050235748291,
  "mae_38.0_50_13": 18.503124237060547,
  "mae_50_inf_11": 36.44599914550781,
  "mae_21.3_38.0_4": 15.373278617858887,
  "mse_38.0_50_6": 457.9329833984375,
  "mse_5.2_11.2_3": 2883.0224609375,
  "mse_21.3_38.0_12": 261.6210021972656,
  "mae_11.2_21.3_8": 10.417403221130371,
  "acc_50_inf_5": 0.2230219841003418,
  "mae_11.2_21.3_11": 9.095137596130371,
  "mse_21.3_38.0_1": 286.1922302246094,
  "mse_5.2_11.2_4": 181.5546417236328,
  "acc_2": 0.6414996981620789,
  "mse_11.2_21.3_12": 168.84532165527344,
  "acc_0_5.2_9": 0.8616775274276733,
  "acc_21.3_38.0_13": 0.3177928030490875,
  "acc_5.2_11.2_0": 0.8119033575057983,
  "acc_38.0_50_2": 0.31238245964050293,
  "acc_0": 0.6493927836418152,
  "mse_38.0_50_2": 379.7195129394531,
  "acc_38.0_50_3": 0.2828492224216461,
  "mae_21.3_38.0_8": 14.508400917053223,
  "acc_21.3_38.0_4": 0.3253639042377472,
  "mae_11.2_21.3_12": 10.485451698303223,
  "acc_11.2_21.3_1": 0.517549455165863,
  "mse_50_inf_9": 1140.291015625,
  "mae_21.3_38.0_0": 16.58954620361328,
  "mse_50_inf_11": 1853.8203125,
  "mae_38.0_50_11": 17.67933464050293,
  "acc_4": 0.6492428183555603,
  "mse_38.0_50_4": 440.2655029296875,
  "acc_0_5.2_6": 0.8568087816238403,
  "mse_50_inf_5": 4801.9091796875,
  "acc_7": 0.6643192768096924,
  "acc_0_5.2_12": 0.8656190037727356,
  "mae_5.2_11.2_11": 6.045973300933838,
  "mae_5.2_11.2_13": 8.711909294128418,
  "acc_21.3_38.0_3": 0.3728156089782715,
  "acc_0_5.2_7": 0.8747509717941284,
  "acc_21.3_38.0_5": 0.280580997467041,
  "acc_38.0_50_1": 0.29902201890945435,
  "mse_11.2_21.3_11": 115.23500061035156,
  "acc_11.2_21.3_3": 0.5851767063140869,
  "acc_50_inf_12": 0.22486965358257294,
  "acc_5.2_11.2_6": 0.7909418940544128,
  "acc_21.3_38.0_6": 0.32868221402168274,
  "mse_13": 313.8198547363281,
  "acc_6": 0.6504762172698975,
  "mae_50_inf_7": 32.95914840698242,
  "mae_38.0_50_6": 17.91261863708496,
  "mse_5.2_11.2_9": 150.9826202392578,
  "mae_0_5.2_7": 4.7045440673828125,
  "mse_50_inf_1": 1257.6385498046875,
  "mae_21.3_38.0_10": 14.349444389343262,
  "acc_0_5.2_1": 0.8620442152023315,
  "mse_0_5.2_9": 100.75357818603516,
  "acc_12": 0.66636061668396,
  "acc_50_inf_4": 0.23510248959064484,
  "mae_38.0_50_0": 18.585094451904297,
  "mse_0_5.2_7": 67.66907501220703,
  "mse_50_inf_6": 1082.2342529296875,
  "mae_50_inf_12": 28.5484619140625,
  "mae_38.0_50_8": 17.2957706451416,
  "mse_0_5.2_0": 98.15415954589844,
  "mse_10": 322.407470703125,
  "acc_21.3_38.0_12": 0.37014639377593994,
  "acc_11.2_21.3_9": 0.459512859582901,
  "mse_0_5.2_6": 181.79725646972656,
  "mae_11.2_21.3_9": 11.298484802246094,
  "mse_38.0_50_5": 7699.71044921875,
  "mae_0_5.2_3": 12.697474479675293,
  "mse_38.0_50_3": 1715.0726318359375,
  "mae_11.2_21.3_2": 9.118447303771973,
  "mae_0_5.2_0": 4.9931254386901855,
  "acc_0_5.2_11": 0.8889023661613464,
  "acc_13": 0.6517758965492249,
  "acc_0_5.2_8": 0.8828707933425903,
  "mse_11.2_21.3_8": 166.43304443359375,
  "mae_0_5.2_4": 6.619115352630615,
  "acc_50_inf_1": 0.221174955368042,
  "mae_5.2_11.2_2": 6.32399845123291,
  "acc_0_5.2_0": 0.8781447410583496,
  "mse": 2009.23193359375,
  "acc_5.2_11.2_2": 0.8154613375663757,
  "acc_5.2_11.2_8": 0.825070858001709,
  "mae_50_inf_4": 26.405752182006836,
  "acc_38.0_50_13": 0.27374935150146484,
  "mse_0_5.2_1": 89.52104949951172,
  "mse_11.2_21.3_5": 13335.1044921875,
  "mae_5.2_11.2_12": 7.466304779052734,
  "acc_8": 0.6698625087738037,
  "acc_38.0_50_0": 0.2723191976547241,
  "mse_5.2_11.2_0": 154.19979858398438,
  "mse_50_inf_3": 1926.0224609375,
  "mse_8": 309.611572265625,
  "mse_11.2_21.3_13": 250.73593139648438,
  "acc_38.0_50_12": 0.32090017199516296,
  "mae_5.2_11.2_4": 7.631326198577881,
  "mse_0_5.2_8": 78.1417236328125,
  "acc_11.2_21.3_4": 0.4999622106552124,
  "acc_21.3_38.0_1": 0.3468001186847687,
  "mae_21.3_38.0_12": 13.62496280670166,
  "mse_0_5.2_10": 64.72811126708984,
  "acc_0_5.2_5": 0.8354408144950867,
  "mse_50_inf_4": 1133.6695556640625,
  "acc_5.2_11.2_3": 0.8069213032722473,
  "acc_38.0_50_4": 0.28481781482696533,
  "acc_21.3_38.0_10": 0.3405875563621521,
  "acc_21.3_38.0_7": 0.38109642267227173,
  "mse_5.2_11.2_10": 98.05455780029297,
  "mse_11.2_21.3_10": 148.77935791015625,
  "mae_21.3_38.0_11": 13.361594200134277,
  "mse_50_inf_7": 1572.4114990234375,
  "mse_0_5.2_3": 6170.26171875,
  "mse_5.2_11.2_8": 113.86532592773438,
  "acc_11.2_21.3_8": 0.5002027153968811,
  "acc_5.2_11.2_1": 0.8100736737251282,
  "mse_11.2_21.3_2": 126.81812286376953,
  "mse_2": 332.9031066894531,
  "mse_38.0_50_1": 396.29986572265625,
  "mse_11.2_21.3_6": 239.58981323242188,
  "mse_0_5.2_13": 119.18959045410156,
  "mse_21.3_38.0_7": 241.123779296875,
  "mae_11.2_21.3_7": 9.525032997131348,
  "mse_50_inf_8": 1339.844970703125,
  "mse_21.3_38.0_13": 378.81048583984375,
  "mse_0_5.2_11": 54.849700927734375,
  "mae_11.2_21.3_1": 10.354487419128418,
  "acc_5.2_11.2_7": 0.8321250081062317,
  "mse_5.2_11.2_5": 14348.830078125,
  "mse_5.2_11.2_12": 128.99884033203125,
  "mae_11.2_21.3_6": 11.731613159179688,
  "mae_11.2_21.3_4": 11.17916202545166,
  "acc_50_inf_13": 0.2392510175704956,
  "acc_0_5.2_10": 0.8899432420730591,
  "acc_9": 0.6578554511070251,
  "mse_5.2_11.2_7": 89.52142333984375,
  "acc_21.3_38.0_8": 0.3394388258457184,
  "mae_38.0_50_3": 18.301475524902344,
  "mae_21.3_38.0_2": 13.177091598510742,
  "mse_5.2_11.2_6": 184.29408264160156,
  "mse_5.2_11.2_13": 187.83460998535156,
  "mae_50_inf_3": 30.494169235229492,
  "acc_50_inf_6": 0.23926173150539398,
  "mae_0_5.2_13": 5.349445819854736,
  "mse_38.0_50_0": 482.77984619140625,
  "mae_38.0_50_4": 17.606279373168945,
  "mse_21.3_38.0_2": 241.42250061035156,
  "mse_21.3_38.0_9": 307.0966796875,
  "mae_5.2_11.2_3": 8.99553108215332,
  "acc_0_5.2_4": 0.8525855541229248,
  "mae_38.0_50_1": 16.753726959228516,
  "mae_0_5.2_11": 4.399582862854004,
  "acc_38.0_50_7": 0.3448273539543152,
  "mae_38.0_50_5": 24.62056541442871,
  "mae_21.3_38.0_9": 14.636200904846191,
  "mse_3": 4305.0126953125,
  "mae_21.3_38.0_6": 15.657719612121582,
  "acc_11.2_21.3_12": 0.501737117767334,
  "acc_38.0_50_9": 0.30022498965263367,
  "mae_11.2_21.3_13": 12.177387237548828,
  "acc_1": 0.6533686518669128,
  "acc_38.0_50_6": 0.2877791225910187,
  "mae_0_5.2_6": 6.103537559509277,
  "acc_11.2_21.3_10": 0.4955134391784668,
  "mse_1": 305.5224609375,