{
    "_timestamp": 1603139200.3434365,
    "val_loss_5": 3.1393039226531982,
    "val_loss_0": 2.329251527786255,
    "val_loss_8": 2.8086931705474854,
    "val_acc_5": 0.6267845034599304,
    "val_acc_7": 0.6317000985145569,
    "val_loss_1": 2.313854932785034,
    "mae_5": 27.93584632873535,
    "val_acc_11": 0.6297085881233215,
    "mae_6": 11.867773056030273,
    "val_loss_12": 2.1912689208984375,
    "val_loss_7": 2.909505844116211,
    "mae_1": 12.129505157470703,
    "val_loss_4": 2.2908096313476562,
    "val_loss_2": 2.33027720451355,
    "val_acc_4": 0.6305782198905945,
    "_runtime": 9832.230402708054,
    "val_loss_3": 2.9246742725372314,
    "mae_9": 10.688607215881348,
    "val_loss_10": 4.846951007843018,
    "mae_12": 11.052152633666992,
    "val_loss_9": 2.1298575401306152,
    "mae_13": 10.683682441711426,
    "_step": 61,
    "val_acc_2": 0.6300125122070312,
    "val_loss_6": 2.276245355606079,
    "val_acc_1": 0.6265705227851868,
    "mae_4": 12.28188705444336,
    "mae_3": 20.119766235351562,
    "mae_0": 10.99417495727539,
    "mae_2": 12.823944091796875,
    "val_loss_11": 3.860633134841919,
    "val_acc_13": 0.6394111514091492,
    "val_acc_0": 0.6211079359054565,
    "val_loss_13": 2.16217041015625,
    "val_acc_3": 0.6249539256095886,
    "val_acc_12": 0.6394467949867249,
    "epoch": 29,
    "mae_7": 11.384622573852539,
    "mae_8": 11.049076080322266,
    "val_acc_6": 0.6338554620742798,
    "val_acc_10": 0.623045802116394,
    "mae_11": 11.648628234863281,
    "val_acc_8": 0.6311812400817871,
    "global_step": 2220,
    "mae_10": 11.148085594177246,
    "val_acc_9": 0.6345307230949402,
    "val_loss": 2.7509641647338867,
    "train_loss": 2.042699098587036,
    "mse_5.2_11.2_11": 52.41738510131836,
    "mae_11.2_21.3_4": 9.541520118713379,
    "mse_38.0_50_1": 515.967529296875,
    "mse_50_inf_6": 1609.12744140625,
    "mae_38.0_50_11": 20.771398544311523,
    "acc_38.0_50_11": 0.20131510496139526,
    "acc_50_inf_1": 0.09387657046318054,
    "mse_50_inf_8": 1645.125244140625,
    "mae_50_inf_10": 35.78550338745117,
    "acc_38.0_50_2": 0.23592819273471832,
    "acc_5.2_11.2_5": 0.8296539783477783,
    "mse_5.2_11.2_6": 113.09010314941406,
    "mse_0_5.2_8": 60.169742584228516,
    "mse_5.2_11.2_7": 56.890586853027344,
    "acc_21.3_38.0_9": 0.3182726800441742,
    "acc_21.3_38.0_3": 0.2947801947593689,
    "acc_50_inf_5": 0.19001182913780212,
    "mae_11.2_21.3_10": 9.058323860168457,
    "mse_11.2_21.3_12": 122.1142578125,
    "mse_21.3_38.0_2": 238.97483825683594,
    "mae_38.0_50_2": 19.407588958740234,
    "mse_11.2_21.3_11": 94.681396484375,
    "mse_11.2_21.3_2": 86.03144073486328,
    "mae_0_5.2_7": 4.406524181365967,
    "mse_38.0_50_9": 472.5326843261719,
    "mse_5.2_11.2_10": 68.83393096923828,
    "mse_38.0_50_12": 467.5484313964844,
    "mae_11.2_21.3_13": 9.966825485229492,
    "mse_7": 365.482421875,
    "acc_7": 0.6624309420585632,
    "mse_21.3_38.0_0": 343.5174255371094,
    "acc_50_inf_3": 0.05207978934049606,
    "acc_12": 0.6661526560783386,
    "mae_5.2_11.2_9": 6.418457984924316,
    "acc_4": 0.6510744690895081,
    "mae_38.0_50_10": 19.807954788208008,
    "acc_21.3_38.0_6": 0.3023858368396759,
    "mae_50_inf_2": 38.902381896972656,
    "mae_11.2_21.3_8": 9.206676483154297,
    "mae_21.3_38.0_0": 15.8587646484375,
    "mae_5.2_11.2_3": 7.260758876800537,
    "mse_21.3_38.0_10": 289.5102844238281,
    "mse_0_5.2_2": 103.21195220947266,
    "acc_0_5.2_1": 0.8741358518600464,
    "acc_5.2_11.2_3": 0.8921177387237549,
    "mae_5.2_11.2_6": 5.858776092529297,
    "mae_21.3_38.0_4": 14.996220588684082,
    "acc_21.3_38.0_11": 0.289212167263031,
    "acc_21.3_38.0_2": 0.31524088978767395,
    "mae_5.2_11.2_5": 14.943902015686035,
    "mae_50_inf_13": 30.24673080444336,
    "mae_50_inf_6": 33.19916915893555,
    "acc_3": 0.6331230401992798,
    "acc_0_5.2_10": 0.9018170237541199,
    "acc_0_5.2_2": 0.8436914086341858,
    "acc_1": 0.6519966125488281,
    "mse_38.0_50_0": 553.7490234375,
    "mae_5.2_11.2_2": 4.3581719398498535,
    "mse_5.2_11.2_5": 19209.08984375,
    "acc_50_inf_7": 0.08718913793563843,
    "mae_21.3_38.0_12": 14.001922607421875,
    "mae_5.2_11.2_0": 6.161184310913086,
    "mse_0_5.2_5": 59104.09765625,
    "mse_38.0_50_5": 17076.0390625,
    "mse_0_5.2_9": 66.0966796875,
    "mae_0_5.2_12": 4.870187282562256,
    "acc_0_5.2_12": 0.8862757682800293,
    "mse_2": 400.7400817871094,
    "mae_5.2_11.2_8": 5.673806667327881,
    "acc_21.3_38.0_12": 0.3297916650772095,
    "mae_21.3_38.0_6": 14.774991989135742,
    "acc_50_inf_12": 0.14541193842887878,
    "mse_9": 320.99822998046875,
    "mse_11.2_21.3_1": 90.51548767089844,
    "acc_38.0_50_13": 0.23056194186210632,
    "mae_50_inf_8": 33.69499969482422,
    "mse_38.0_50_11": 559.170654296875,
    "acc_21.3_38.0_0": 0.2851385474205017,
    "mae_21.3_38.0_13": 14.706382751464844,
    "acc_0": 0.6581408381462097,
    "acc_5.2_11.2_2": 0.8850539326667786,
    "acc_21.3_38.0_7": 0.30053219199180603,
    "mae_50_inf_1": 37.19630432128906,
    "acc_0_5.2_6": 0.8696955442428589,
    "acc_11.2_21.3_8": 0.5705065727233887,
    "mse_11.2_21.3_3": 3357.044189453125,
    "mse_21.3_38.0_3": 3674.949951171875,
    "mae_21.3_38.0_9": 14.642006874084473,
    "mse_12": 338.0096740722656,
    "mae_11.2_21.3_12": 9.07957649230957,
    "mse_50_inf_12": 1635.0137939453125,
    "acc_5.2_11.2_9": 0.8470614552497864,
    "mse_38.0_50_13": 473.22406005859375,
    "mse_50_inf_4": 1568.9033203125,
    "acc_21.3_38.0_10": 0.28760865330696106,
    "mae_5.2_11.2_13": 6.86419677734375,
    "mse_11.2_21.3_0": 159.19015502929688,
    "acc_11.2_21.3_2": 0.7025189995765686,
    "acc_38.0_50_3": 0.21922211349010468,
    "mse_10": 358.51019287109375,
    "mse_38.0_50_8": 481.8673400878906,
    "acc_50_inf_0": 0.1874125450849533,
    "acc_0_5.2_11": 0.9008166790008545,
    "mae_0_5.2_9": 4.5268874168396,
    "mae_50_inf_3": 41.19404220581055,
    "mae_5.2_11.2_4": 5.827033042907715,
    "mse_21.3_38.0_4": 337.3681335449219,
    "mae_38.0_50_5": 27.01850700378418,
    "mae_38.0_50_9": 18.733484268188477,
    "mae_5.2_11.2_7": 5.189467430114746,
    "mse_5.2_11.2_2": 55.81949234008789,
    "acc_5.2_11.2_8": 0.8606966137886047,
    "acc_2": 0.6369786262512207,
    "mse_21.3_38.0_12": 262.5373229980469,
    "acc_50_inf_8": 0.15069334208965302,
    "mae_0_5.2_5": 30.82241439819336,
    "mse_11.2_21.3_13": 152.486328125,
    "mae_50_inf_4": 32.9052848815918,
    "mse_21.3_38.0_9": 290.79779052734375,
    "mse_50_inf_13": 1399.9080810546875,
    "acc_11.2_21.3_3": 0.682370662689209,
    "mse_21.3_38.0_13": 293.7300720214844,
    "acc_5.2_11.2_1": 0.9008947014808655,
    "mae_11.2_21.3_5": 17.753681182861328,
    "mae_11.2_21.3_1": 8.030402183532715,
    "mae_21.3_38.0_1": 14.411460876464844,
    "mae_11.2_21.3_9": 9.765079498291016,
    "acc_21.3_38.0_8": 0.30701351165771484,
    "acc_11.2_21.3_5": 0.5096173286437988,
    "mse_38.0_50_6": 497.8166198730469,
    "mae_50_inf_0": 30.632144927978516,
    "mae_11.2_21.3_6": 9.363057136535645,
    "mse_11": 376.5021057128906,
    "mse_11.2_21.3_6": 153.5395050048828,
    "mse_50_inf_11": 1969.5994873046875,
    "mae_50_inf_11": 38.42861557006836,
    "mse_0_5.2_12": 63.634521484375,
    "mse_21.3_38.0_11": 272.8382873535156,
    "acc_11.2_21.3_0": 0.5032159090042114,
    "acc_50_inf_4": 0.15661104023456573,
    "mse_38.0_50_10": 531.2321166992188,
    "acc_50_inf_13": 0.19429521262645721,
    "mae_0_5.2_13": 4.731515407562256,
    "mse_4": 499.6275634765625,
    "mse_0_5.2_3": 12859.3857421875,
    "acc_38.0_50_4": 0.22106105089187622,
    "acc_11.2_21.3_12": 0.5803227424621582,
    "mae_5.2_11.2_10": 5.603684425354004,
    "acc_9": 0.6628988981246948,
    "mae_38.0_50_13": 18.86256217956543,
    "mse_5.2_11.2_9": 92.40442657470703,
    "mse_50_inf_2": 1938.0616455078125,
    "acc_21.3_38.0_5": 0.31909361481666565,
    "mse_50_inf_10": 1794.593994140625,
    "mse_11.2_21.3_9": 141.5926513671875,