{
  "val_loss_9": 3.027684211730957,
  "val_acc_4": 0.6752951145172119,
  "mae_6": 5.7544097900390625,
  "val_acc_1": 0.6809502243995667,
  "val_loss_5": 2.6954429149627686,
  "val_acc_7": 0.6755273938179016,
  "mae_7": 5.7811689376831055,
  "val_acc_5": 0.6745437979698181,
  "val_loss_8": 2.937852382659912,
  "val_loss_6": 2.7393152713775635,
  "val_acc_0": 0.6834988594055176,
  "_timestamp": 1598139296.8867357,
  "val_loss_7": 2.842156171798706,
  "mae_8": 5.903968334197998,
  "mae_5": 5.656858444213867,
  "val_loss_2": 2.2756595611572266,
  "epoch": 99,
  "mae_3": 5.543281078338623,
  "_runtime": 53378.365518569946,
  "mae_9": 5.999797344207764,
  "val_acc_8": 0.6749253273010254,
  "val_loss": 2.426290512084961,
  "val_loss_0": 0.8617105484008789,
  "val_loss_4": 2.664365530014038,
  "val_loss_3": 2.552654266357422,
  "val_loss_1": 1.666063904762268,
  "val_acc_3": 0.6765133142471313,
  "global_step": 28400,
  "mae_0": 3.8569231033325195,
  "val_acc_6": 0.6754932403564453,
  "_step": 201,
  "val_acc_2": 0.6776343584060669,
  "mae_2": 5.2917160987854,
  "mae_4": 5.586130619049072,
  "val_acc_9": 0.673762321472168,
  "mae_1": 4.709749698638916,
  "train_loss": 1.5802814960479736,
  "mae_21.3_38.0_4": 11.793339729309082,
  "acc_11.2_21.3_9": 0.5494884252548218,
  "mae_50_inf_2": 16.193172454833984,
  "acc_38.0_50_1": 0.517557680606842,
  "mse_5.2_11.2_2": 59.34193420410156,
  "acc_38.0_50_2": 0.46446898579597473,
  "mse_21.3_38.0_5": 209.73699951171875,
  "acc_5.2_11.2_8": 0.8830904364585876,
  "mse_21.3_38.0_8": 223.80087280273438,
  "mse_38.0_50_6": 261.26507568359375,
  "mae_5.2_11.2_5": 6.025872707366943,
  "acc_11.2_21.3_2": 0.6281020641326904,
  "mae_5.2_11.2_9": 6.3808274269104,
  "mse_1": 79.18577575683594,
  "mae_21.3_38.0_2": 10.957321166992188,
  "acc_21.3_38.0_3": 0.455679327249527,
  "mse_0_5.2_6": 13.95308780670166,
  "acc_38.0_50_6": 0.42710456252098083,
  "mse_3": 108.32438659667969,
  "mae_0_5.2_2": 1.4146919250488281,
  "mse_21.3_38.0_6": 213.32798767089844,
  "mse_50_inf_5": 471.9649963378906,
  "mse_0_5.2_8": 14.929058074951172,
  "acc_0_5.2_2": 0.983609676361084,
  "mae_11.2_21.3_4": 8.709436416625977,
  "mae_5.2_11.2_0": 3.9272825717926025,
  "mae_50_inf_4": 16.13220977783203,
  "mae_50_inf_1": 14.562719345092773,
  "mae_0_5.2_3": 1.5016852617263794,
  "acc_4": 0.8035792112350464,
  "mse_11.2_21.3_0": 59.87434005737305,
  "mae_0_5.2_0": 1.064611554145813,
  "acc_21.3_38.0_5": 0.4428900480270386,
  "mse_38.0_50_5": 256.2149658203125,
  "acc_50_inf_5": 0.3980847895145416,
  "mae_11.2_21.3_6": 8.953744888305664,
  "mse_11.2_21.3_7": 129.50857543945312,
  "mse_38.0_50_9": 300.31536865234375,
  "acc_38.0_50_8": 0.41665416955947876,
  "mse_50_inf_1": 377.8998718261719,
  "acc_50_inf_1": 0.432324081659317,
  "mse_0_5.2_2": 9.05590534210205,
  "mae_38.0_50_4": 13.028658866882324,
  "acc_21.3_38.0_7": 0.4523780643939972,
  "mae_11.2_21.3_0": 6.185784816741943,
  "acc_5": 0.8005507588386536,
  "acc_5.2_11.2_9": 0.8834295868873596,
  "mse_21.3_38.0_0": 107.80561065673828,
  "acc_38.0_50_3": 0.4378199875354767,
  "mse_5.2_11.2_3": 65.34690856933594,
  "mse_0_5.2_1": 6.367488384246826,
  "mse_50_inf_7": 501.3779602050781,
  "mae_21.3_38.0_9": 12.715575218200684,
  "acc_21.3_38.0_4": 0.446190744638443,
  "mse_11.2_21.3_5": 125.41751098632812,
  "mse_11.2_21.3_8": 138.0406036376953,
  "acc_38.0_50_9": 0.3999347984790802,
  "acc_0_5.2_0": 0.9960683584213257,
  "acc_38.0_50_4": 0.42654815316200256,
  "mae_11.2_21.3_8": 9.255453109741211,
  "mse_50_inf_2": 463.3990783691406,
  "mse_5.2_11.2_9": 92.59830474853516,
  "mse_50_inf_4": 468.0439453125,
  "mae_21.3_38.0_1": 9.768698692321777,
  "acc_7": 0.7977520823478699,
  "acc_50_inf_3": 0.3849002718925476,
  "acc_5.2_11.2_5": 0.8939864039421082,
  "mse_0_5.2_9": 16.11729621887207,
  "acc_11.2_21.3_4": 0.5963379740715027,
  "mae_38.0_50_3": 12.770662307739258,
  "mse_38.0_50_3": 249.86781311035156,
  "mae_50_inf_8": 17.019458770751953,
  "mae_21.3_38.0_0": 8.366079330444336,
  "mae_11.2_21.3_9": 9.492316246032715,
  "acc_11.2_21.3_6": 0.5882484316825867,
  "acc_0_5.2_3": 0.9803069233894348,
  "mse_21.3_38.0_1": 143.68862915039062,
  "mae_38.0_50_6": 13.071621894836426,
  "acc_8": 0.793576717376709,
  "acc_21.3_38.0_9": 0.4170556962490082,
  "mae_0_5.2_1": 1.2619798183441162,
  "mse_38.0_50_2": 228.30606079101562,
  "acc_50_inf_2": 0.39480096101760864,
  "mae_38.0_50_9": 14.048171043395996,
  "mae_21.3_38.0_6": 11.949252128601074,
  "mae_50_inf_6": 16.594539642333984,
  "mse_38.0_50_7": 262.9068908691406,
  "mae_38.0_50_7": 13.093297958374023,
  "acc_11.2_21.3_1": 0.7020490765571594,
  "acc_38.0_50_7": 0.426764577627182,
  "acc_50_inf_0": 0.5237215161323547,
  "mae_38.0_50_0": 9.036722183227539,
  "mae_5.2_11.2_3": 5.652576446533203,
  "mae_21.3_38.0_3": 11.499246597290039,
  "mse_6": 115.83959197998047,
  "mse_11.2_21.3_9": 145.01942443847656,
  "mae_38.0_50_8": 13.505552291870117,
  "mse_5.2_11.2_0": 26.816434860229492,
  "mae_21.3_38.0_7": 11.882018089294434,
  "acc_9": 0.7894012331962585,
  "mse_21.3_38.0_9": 240.23927307128906,
  "mse_11.2_21.3_4": 118.96261596679688,
  "mse_11.2_21.3_2": 101.49717712402344,
  "acc_0_5.2_1": 0.9882432818412781,
  "mse_0_5.2_0": 2.662662982940674,
  "acc_50_inf_8": 0.38053828477859497,
  "mse_9": 124.22537994384766,
  "acc_50_inf_9": 0.37877988815307617,
  "mse_38.0_50_4": 258.252685546875,
  "mae_38.0_50_2": 12.11556625366211,
  "mse_0_5.2_4": 11.690074920654297,
  "mse_50_inf_8": 518.010009765625,
  "mse_5.2_11.2_5": 80.1880111694336,
  "acc_21.3_38.0_6": 0.44704470038414,
  "mae_0_5.2_9": 1.7076020240783691,
  "acc_0": 0.8721036314964294,
  "acc_5.2_11.2_2": 0.9195578098297119,
  "mse_21.3_38.0_7": 212.04713439941406,
  "mae_50_inf_7": 16.75189781188965,
  "acc_0_5.2_9": 0.9737843871116638,
  "mse_0_5.2_5": 12.730358123779297,
  "mse_5.2_11.2_7": 86.42379760742188,
  "mse_38.0_50_1": 184.52403259277344,
  "mae_0_5.2_4": 1.5659737586975098,
  "mae_0_5.2_5": 1.5976104736328125,
  "acc_0_5.2_6": 0.9755887389183044,
  "acc_11.2_21.3_8": 0.5665379166603088,
  "mae_11.2_21.3_2": 8.164557456970215,
  "mse_50_inf_6": 498.5425720214844,
  "mae_0_5.2_8": 1.6832778453826904,
  "acc_50_inf_4": 0.40103664994239807,
  "mse_7": 116.27423095703125,
  "acc_5.2_11.2_3": 0.9108949899673462,
  "mse_21.3_38.0_4": 205.26455688476562,
  "acc_11.2_21.3_0": 0.781503438949585,
  "mae_21.3_38.0_8": 12.257865905761719,
  "acc_2": 0.8152902722358704,
  "mae_11.2_21.3_5": 8.908188819885254,
  "mse_11.2_21.3_6": 129.78897094726562,
  "mse_0_5.2_7": 14.485865592956543,
  "mse_0_5.2_3": 10.644429206848145,
  "acc_21.3_38.0_0": 0.6241374015808105,
  "acc_0_5.2_7": 0.974932074546814,
  "mse_11.2_21.3_1": 80.74292755126953,
  "mse_0": 49.97357940673828,
  "mse_5.2_11.2_6": 84.69738006591797,
  "acc_5.2_11.2_1": 0.9372431635856628,
  "mse_50_inf_9": 512.1984252929688,
  "mae_0_5.2_7": 1.6669880151748657,
  "mse_38.0_50_8": 279.5107727050781,
  "mse_2": 99.11893463134766,
  "acc_11.2_21.3_3": 0.6004016399383545,
  "mse_5.2_11.2_8": 91.08393096923828,
  "mae_5.2_11.2_1": 4.700542449951172,
  "mse_21.3_38.0_2": 176.86123657226562,
  "mae_50_inf_0": 11.359198570251465,
  "mae_38.0_50_5": 12.952417373657227,
  "acc_21.3_38.0_2": 0.47877317667007446,
  "mse_50_inf_3": 497.0306396484375,
  "mae_11.2_21.3_7": 8.983805656433105,
  "mae_38.0_50_1": 10.806689262390137,
  "mae_5.2_11.2_4": 5.797021865844727,
  "mse_8": 121.38668823242188,
  "acc_11.2_21.3_7": 0.5820198655128479,
  "mae_5.2_11.2_2": 5.374524116516113,
  "acc_38.0_50_5": 0.43055111169815063,
  "mae_50_inf_9": 16.9682674407959,
  "mse_11.2_21.3_3": 110.68081665039062,
  "mae_11.2_21.3_3": 8.514695167541504,
  "acc_6": 0.7987447381019592,
  "mae_5.2_11.2_7": 6.197839736938477,
  "mse_50_inf_0": 226.25741577148438,
  "mae_5.2_11.2_6": 6.1702046394348145,
  "acc_0_5.2_4": 0.978132426738739,
  "mae_5.2_11.2_8": 6.312244892120361,
  "acc_11.2_21.3_5": 0.5842770338058472,
  "acc_50_inf_6": 0.39022257924079895,
  "acc_5.2_11.2_7": 0.8852521777153015,