{
    "val_acc_1": 0.6125178337097168,
    "mae_7": 12.865367889404297,
    "val_acc_10": 0.6217004060745239,
    "val_loss_11": 6.336267948150635,
    "mae_12": 11.056466102600098,
    "val_acc_9": 0.6253066062927246,
    "mae_10": 11.926687240600586,
    "mae_13": 10.7510404586792,
    "mae_9": 11.075174331665039,
    "_runtime": 8647.678721427917,
    "val_loss_12": 5.572966575622559,
    "val_acc_7": 0.621169924736023,
    "val_acc_13": 0.6300845146179199,
    "val_loss_5": 6.408409118652344,
    "_step": 61,
    "val_loss_0": 5.551750659942627,
    "mae_11": 12.866143226623535,
    "epoch": 29,
    "val_loss_3": 6.6751861572265625,
    "val_acc_4": 0.6186342835426331,
    "val_acc_8": 0.6224275231361389,
    "val_acc_11": 0.6233407855033875,
    "val_acc_6": 0.6230269074440002,
    "val_loss_1": 5.7006001472473145,
    "val_loss_2": 6.157296657562256,
    "val_loss_9": 5.451707363128662,
    "val_acc_0": 0.6105517148971558,
    "mae_1": 12.382091522216797,
    "val_acc_12": 0.629461407661438,
    "val_loss_7": 5.87070894241333,
    "mae_4": 12.236146926879883,
    "mae_8": 11.771662712097168,
    "val_loss_6": 5.6142778396606445,
    "val_loss_8": 5.598494529724121,
    "val_loss_10": 6.400893211364746,
    "val_acc_2": 0.617927074432373,
    "_timestamp": 1603004648.941053,
    "global_step": 2220,
    "val_acc_3": 0.6160832643508911,
    "val_loss": 5.913523197174072,
    "val_acc_5": 0.6228703260421753,
    "mae_0": 11.249134063720703,
    "val_loss_4": 5.746767520904541,
    "mae_5": 19.971111297607422,
    "mae_6": 11.419970512390137,
    "val_loss_13": 5.703993797302246,
    "mae_3": 17.36750602722168,
    "mae_2": 13.226402282714844,
    "train_loss": 5.41716194152832,
    "mse_4": 501.5266418457031,
    "acc_11.2_21.3_12": 0.4032779335975647,
    "mse_1": 485.29339599609375,
    "mae_21.3_38.0_6": 16.705867767333984,
    "mae_0_5.2_0": 2.600809097290039,
    "acc_0_5.2_4": 0.9290654063224792,
    "mse_21.3_38.0_2": 372.9444274902344,
    "acc_21.3_38.0_1": 0.19894437491893768,
    "mse_5.2_11.2_12": 81.83594512939453,
    "mse_5": 20145.12109375,
    "acc_0_5.2_10": 0.9503236413002014,
    "mse_0_5.2_10": 19.215579986572266,
    "mae_50_inf_12": 37.98273849487305,
    "acc_21.3_38.0_5": 0.2790437638759613,
    "mse_5.2_11.2_0": 86.80667877197266,
    "mae_38.0_50_8": 24.232666015625,
    "acc_21.3_38.0_9": 0.2897617816925049,
    "mse_0_5.2_2": 21.550737380981445,
    "mae_21.3_38.0_10": 17.56549644470215,
    "acc_50_inf_2": 0.002310552168637514,
    "mse_0_5.2_7": 11.187731742858887,
    "mae_11.2_21.3_9": 10.032113075256348,
    "mse_38.0_50_2": 841.47314453125,
    "mse_38.0_50_9": 623.8881225585938,
    "mae_38.0_50_10": 25.096879959106445,
    "mae_0_5.2_4": 3.1915700435638428,
    "mae_50_inf_0": 36.22597122192383,
    "mse_0_5.2_5": 26103.04296875,
    "acc_21.3_38.0_13": 0.27544665336608887,
    "acc_0_5.2_11": 0.9627553224563599,
    "acc_5.2_11.2_2": 0.9469832181930542,
    "acc_3": 0.6369790434837341,
    "mae_50_inf_10": 44.60540771484375,
    "acc_11.2_21.3_1": 0.3984116017818451,
    "mse_12": 410.0722351074219,
    "mae_38.0_50_2": 27.441686630249023,
    "mae_21.3_38.0_3": 21.983867645263672,
    "mse_11.2_21.3_12": 158.2613067626953,
    "mae_5.2_11.2_6": 6.007260799407959,
    "acc_11.2_21.3_10": 0.43237876892089844,
    "acc_0_5.2_13": 0.9259079694747925,
    "acc_38.0_50_12": 0.19269172847270966,
    "mse_50_inf_1": 2604.431884765625,
    "mae_5.2_11.2_13": 7.529355525970459,
    "mse_0_5.2_3": 4633.4970703125,
    "mae_50_inf_3": 54.76807403564453,
    "acc_21.3_38.0_6": 0.23897519707679749,
    "mse_0_5.2_0": 36.05588150024414,
    "mae_38.0_50_4": 22.75749397277832,
    "acc_9": 0.6746774315834045,
    "mse_2": 539.576904296875,
    "mse_8": 463.9021301269531,
    "mse_38.0_50_3": 1930.639404296875,
    "mse_11.2_21.3_13": 182.4135284423828,
    "acc_11.2_21.3_2": 0.46621283888816833,
    "mae_0_5.2_9": 2.465794563293457,
    "mse_5.2_11.2_5": 18957.947265625,
    "mse_21.3_38.0_10": 383.6946105957031,
    "mse_11.2_21.3_4": 184.5146026611328,
    "mse_38.0_50_7": 914.0900268554688,
    "acc_38.0_50_1": 0.12817823886871338,
    "acc_50_inf_0": 0.1610267609357834,
    "mae_11.2_21.3_3": 13.719470977783203,
    "mse_21.3_38.0_0": 401.3129577636719,
    "acc_5.2_11.2_7": 0.945756196975708,
    "mse_11.2_21.3_6": 138.24853515625,
    "acc_21.3_38.0_11": 0.14322416484355927,
    "mae_0_5.2_13": 2.9627554416656494,
    "mse_50_inf_13": 1790.384033203125,
    "mse_5.2_11.2_2": 36.42394256591797,
    "acc_5": 0.6529508829116821,
    "acc_38.0_50_11": 0.05564628168940544,
    "acc_11.2_21.3_11": 0.40441471338272095,
    "mse_3": 3942.908447265625,
    "mae_21.3_38.0_12": 17.133663177490234,
    "acc_5.2_11.2_11": 0.9398757815361023,
    "mae_0_5.2_8": 2.1369009017944336,
    "mse_50_inf_10": 2556.544921875,
    "mae_11.2_21.3_8": 10.118239402770996,
    "mae_50_inf_13": 34.2837028503418,
    "mae_50_inf_8": 43.65225601196289,
    "mse": 2118.69482421875,
    "mae_0_5.2_12": 2.4631001949310303,
    "mae_0_5.2_11": 1.9633636474609375,
    "acc_50_inf_4": 0.04567679017782211,
    "mse_21.3_38.0_12": 379.989501953125,
    "acc_11.2_21.3_5": 0.3845401406288147,
    "mse_21.3_38.0_3": 2721.810302734375,
    "mse_0_5.2_8": 18.198734283447266,
    "acc_21.3_38.0_3": 0.10760778933763504,
    "acc_38.0_50_6": 0.1988517940044403,
    "mae_38.0_50_5": 25.766246795654297,
    "mse_13": 377.1443176269531,
    "acc_5.2_11.2_12": 0.8752104043960571,
    "acc_50_inf_12": 0.1425391286611557,
    "mse_50_inf_9": 2176.2197265625,
    "mae_0_5.2_5": 14.93375301361084,
    "acc_2": 0.6438997983932495,
    "acc_5.2_11.2_1": 0.9320698976516724,
    "mse_21.3_38.0_11": 421.9660949707031,
    "mse_11.2_21.3_1": 129.00656127929688,
    "acc_21.3_38.0_0": 0.2409621775150299,
    "acc_50_inf_13": 0.17352800071239471,
    "mae_21.3_38.0_7": 19.05158805847168,
    "mse_38.0_50_11": 908.2582397460938,
    "acc_38.0_50_9": 0.2407536804676056,
    "mae_11.2_21.3_1": 10.197781562805176,
    "mae_21.3_38.0_8": 17.348386764526367,
    "mae_38.0_50_7": 28.356060028076172,
    "mse_5.2_11.2_4": 122.96615600585938,
    "acc_21.3_38.0_4": 0.2707189619541168,
    "acc_38.0_50_0": 0.19898752868175507,
    "mse_21.3_38.0_13": 366.4927062988281,
    "mse_50_inf_0": 1927.28515625,
    "mae_5.2_11.2_0": 6.851654052734375,
    "mse_38.0_50_4": 673.5239868164062,
    "mae_5.2_11.2_12": 6.706417560577393,
    "mae_0_5.2_2": 2.5847036838531494,
    "mse_10": 473.14776611328125,
    "acc_50_inf_1": 0.029579000547528267,
    "acc_0_5.2_0": 0.9377799034118652,
    "acc_5.2_11.2_8": 0.9160780906677246,
    "mse_0_5.2_13": 49.30475997924805,
    "mse_11.2_21.3_2": 111.29598999023438,
    "acc_5.2_11.2_10": 0.9122377038002014,
    "mae_50_inf_7": 49.96506881713867,
    "acc_0_5.2_12": 0.941054105758667,
    "mse_38.0_50_8": 745.9822998046875,
    "acc_50_inf_10": 0.05574674904346466,
    "mse_50_inf_11": 3025.832275390625,
    "mse_21.3_38.0_7": 427.2704772949219,
    "mae_21.3_38.0_9": 15.666238784790039,
    "mse_0_5.2_11": 13.208104133605957,
    "mse_21.3_38.0_6": 356.26715087890625,
    "mse_38.0_50_10": 781.970458984375,
    "acc_0_5.2_7": 0.969579815864563,
    "mae_50_inf_11": 50.44306564331055,
    "mae_50_inf_1": 46.02809524536133,
    "mse_0_5.2_9": 26.46514892578125,
    "acc_6": 0.6673965454101562,
    "mse_5.2_11.2_11": 39.990840911865234,
    "mae_38.0_50_12": 22.980411529541016,
    "mae_5.2_11.2_8": 5.798305034637451,
    "mse_11.2_21.3_5": 17609.548828125,
    "mae_38.0_50_6": 22.822078704833984,
    "mse_5.2_11.2_10": 52.88840103149414,
    "mae_21.3_38.0_5": 24.592693328857422,
    "acc_38.0_50_3": 0.013752586208283901,
    "mae_0_5.2_6": 2.537440776824951,
    "mse_38.0_50_0": 682.0392456054688,
    "mae_50_inf_2": 50.44519805908203,
    "acc_0_5.2_8": 0.9542597532272339,
    "acc_5.2_11.2_5": 0.8137381076812744,
    "mae_5.2_11.2_9": 6.3749470710754395,
    "acc_11.2_21.3_4": 0.4174966812133789,
    "acc_38.0_50_5": 0.24155987799167633,