{
  "mae_1": 11.47616195678711,
  "mae_9": 10.638603210449219,
  "val_loss_11": 6.047865867614746,
  "val_acc_4": 0.6188783645629883,
  "val_loss_1": 5.590731143951416,
  "val_loss_13": 5.6958184242248535,
  "val_acc_6": 0.6219226717948914,
  "mae_11": 12.338717460632324,
  "val_acc_8": 0.6220974326133728,
  "val_loss_0": 5.578960418701172,
  "_step": 61,
  "mae_8": 10.932701110839844,
  "epoch": 29,
  "val_acc_7": 0.6214505434036255,
  "val_acc_12": 0.6286833882331848,
  "val_loss_5": 6.370235443115234,
  "val_acc_10": 0.6203628182411194,
  "val_loss_6": 5.57568359375,
  "val_loss_4": 5.646552085876465,
  "val_loss_8": 5.552398204803467,
  "_timestamp": 1602999567.0267599,
  "val_loss_10": 6.227778434753418,
  "val_acc_5": 0.6220879554748535,
  "val_acc_9": 0.6257272958755493,
  "global_step": 2220,
  "mae_12": 11.11391544342041,
  "_runtime": 5709.272703886032,
  "val_loss_9": 5.467957973480225,
  "val_acc_0": 0.6100537180900574,
  "mae_6": 10.90987777709961,
  "mae_3": 16.477798461914062,
  "val_loss_12": 5.503757953643799,
  "val_acc_13": 0.6309744715690613,
  "mae_5": 19.371564865112305,
  "val_loss_7": 5.75679349899292,
  "mae_10": 11.631969451904297,
  "mae_2": 13.110725402832031,
  "val_acc_11": 0.6220412254333496,
  "val_loss": 5.827340602874756,
  "mae_0": 11.090089797973633,
  "mae_13": 10.597726821899414,
  "val_acc_1": 0.6124366521835327,
  "mae_7": 12.297999382019043,
  "val_acc_2": 0.6163842082023621,
  "val_acc_3": 0.6158251166343689,
  "mae_4": 11.322181701660156,
  "val_loss_2": 6.020693302154541,
  "val_loss_3": 6.547540664672852,
  "train_loss": 5.29031229019165,
  "mae_38.0_50_6": 21.650617599487305,
  "mse_50_inf_11": 2763.63525390625,
  "mse_21.3_38.0_6": 373.9621887207031,
  "mae_21.3_38.0_2": 17.523174285888672,
  "acc_50_inf_10": 0.06379389762878418,
  "acc_21.3_38.0_13": 0.2817398011684418,
  "mae_11.2_21.3_3": 12.697999954223633,
  "mae_11.2_21.3_4": 11.130717277526855,
  "mae_38.0_50_11": 26.594255447387695,
  "acc_21.3_38.0_9": 0.2917533814907074,
  "acc_8": 0.6723114252090454,
  "acc_50_inf_5": 0.19561176002025604,
  "acc_5.2_11.2_4": 0.8807660341262817,
  "mse_5.2_11.2_6": 86.28536224365234,
  "acc_4": 0.6626248955726624,
  "mse_50_inf_2": 2883.10302734375,
  "mae_21.3_38.0_10": 16.983671188354492,
  "mae_5.2_11.2_2": 5.383962631225586,
  "mse_5.2_11.2_4": 127.6610336303711,
  "acc_38.0_50_7": 0.1093805730342865,
  "acc_0_5.2_2": 0.9448918700218201,
  "acc_9": 0.6720077395439148,
  "mae_50_inf_3": 53.5112419128418,
  "acc_5.2_11.2_11": 0.9234197735786438,
  "mse_3": 2764.3935546875,
  "mse_0_5.2_9": 44.107154846191406,
  "mse_50_inf_7": 2652.8798828125,
  "mse_11.2_21.3_8": 176.60264587402344,
  "mae_38.0_50_9": 20.38232421875,
  "mae_5.2_11.2_8": 6.860706806182861,
  "mse_11.2_21.3_9": 162.30224609375,
  "mse_38.0_50_5": 9266.1044921875,
  "mae_0_5.2_2": 2.472975492477417,
  "acc_13": 0.6691364645957947,
  "mse_13": 357.4378662109375,
  "acc_38.0_50_0": 0.20962272584438324,
  "acc_50_inf_6": 0.15666362643241882,
  "mse_5.2_11.2_11": 46.62173080444336,
  "acc_7": 0.6552690863609314,
  "mse_11.2_21.3_10": 140.34786987304688,
  "acc_11.2_21.3_10": 0.3918033242225647,
  "acc_0_5.2_6": 0.9376311302185059,
  "mse_11.2_21.3_3": 1939.3349609375,
  "mae_38.0_50_8": 22.43918228149414,
  "mae_21.3_38.0_1": 16.990324020385742,
  "acc_5.2_11.2_7": 0.9172194600105286,
  "acc_0_5.2_9": 0.9225757122039795,
  "mae_0_5.2_11": 1.9640601873397827,
  "mse_11.2_21.3_13": 203.52537536621094,
  "mae_38.0_50_0": 22.68925666809082,
  "acc_21.3_38.0_0": 0.23683972656726837,
  "mse_50_inf_0": 1689.9407958984375,
  "mae_50_inf_6": 35.920894622802734,
  "acc_5.2_11.2_6": 0.881901204586029,
  "acc_50_inf_0": 0.18648168444633484,
  "mse_5.2_11.2_10": 64.1386489868164,
  "mae_50_inf_0": 33.25284194946289,
  "mse_38.0_50_7": 801.6393432617188,
  "acc_5.2_11.2_3": 0.9472410082817078,
  "mse_38.0_50_6": 635.6655883789062,
  "mse_5.2_11.2_0": 113.62186431884766,
  "acc_0_5.2_8": 0.9414427876472473,
  "acc_21.3_38.0_12": 0.2499578446149826,
  "acc_5.2_11.2_0": 0.8679137825965881,
  "mse_38.0_50_13": 601.8758544921875,
  "mae_11.2_21.3_5": 20.732463836669922,
  "mse_0": 384.8140563964844,
  "acc_6": 0.6712268590927124,
  "mse_0_5.2_8": 37.15312576293945,
  "mse_21.3_38.0_12": 354.2588806152344,
  "mae_5.2_11.2_1": 6.203426361083984,
  "mse_5.2_11.2_13": 133.13648986816406,
  "mae_5.2_11.2_3": 7.457096576690674,
  "mae_5.2_11.2_5": 16.09636116027832,
  "mse_11.2_21.3_0": 216.00112915039062,
  "mae_21.3_38.0_5": 24.86334991455078,
  "mse_38.0_50_11": 848.4204711914062,
  "mae_21.3_38.0_0": 17.92853355407715,
  "acc_21.3_38.0_6": 0.23750410974025726,
  "mae_0_5.2_6": 2.6999881267547607,
  "acc_50_inf_7": 0.015065080486238003,
  "mse_38.0_50_8": 669.3927001953125,
  "acc_5.2_11.2_5": 0.8086222410202026,
  "acc_2": 0.6400348544120789,
  "acc_21.3_38.0_11": 0.17769643664360046,
  "mae_11.2_21.3_2": 9.783689498901367,
  "mae_11.2_21.3_11": 10.446617126464844,
  "acc_11.2_21.3_1": 0.38149842619895935,
  "mae_0_5.2_10": 2.2456679344177246,
  "acc_5.2_11.2_12": 0.8773702383041382,
  "acc_50_inf_3": 0.0007611415348947048,
  "mse_11.2_21.3_4": 202.9229736328125,
  "mae_0_5.2_3": 6.074913501739502,
  "acc_50_inf_2": 0.00014187966007739305,
  "mae_21.3_38.0_11": 18.342086791992188,
  "mse_11.2_21.3_12": 147.35968017578125,
  "mae_0_5.2_9": 2.8977231979370117,
  "mse_5.2_11.2_3": 1778.9407958984375,
  "acc_21.3_38.0_5": 0.2626842260360718,
  "mae_38.0_50_1": 22.3446044921875,
  "mse_21.3_38.0_8": 389.6729431152344,
  "acc_11": 0.6593611836433411,
  "mae_0_5.2_0": 2.867286205291748,
  "mse_50_inf_5": 5516.92919921875,
  "mae_11.2_21.3_6": 11.151665687561035,
  "acc_50_inf_11": 0.024513985961675644,
  "acc_21.3_38.0_10": 0.2413821965456009,
  "mae_5.2_11.2_12": 6.653927803039551,
  "mse_21.3_38.0_13": 364.1363830566406,
  "mae_50_inf_11": 47.359249114990234,
  "acc_5.2_11.2_9": 0.8473857045173645,
  "mae_11.2_21.3_0": 12.135663986206055,
  "mae_11.2_21.3_10": 10.491318702697754,
  "acc_11.2_21.3_11": 0.38064953684806824,
  "mae_5.2_11.2_6": 6.682400226593018,
  "acc_38.0_50_5": 0.20953713357448578,
  "mae_11.2_21.3_13": 11.448092460632324,
  "mae_21.3_38.0_12": 16.58952522277832,
  "mae_50_inf_10": 42.73733139038086,
  "mse_0_5.2_2": 22.072282791137695,
  "acc_5.2_11.2_8": 0.8780980706214905,
  "mae_11.2_21.3_1": 10.6947021484375,
  "mse_2": 528.999267578125,
  "mse_21.3_38.0_9": 326.3251037597656,
  "mae_5.2_11.2_11": 5.751823902130127,
  "mse_5.2_11.2_8": 92.21178436279297,
  "mse_0_5.2_6": 38.867958068847656,
  "acc_0_5.2_10": 0.9487143158912659,
  "mae_5.2_11.2_10": 6.311600208282471,
  "mae_50_inf_2": 49.9473876953125,
  "mse_0_5.2_7": 17.8919677734375,
  "mse_50_inf_3": 3532.183349609375,
  "mse_50_inf_10": 2396.943115234375,
  "mae_0_5.2_12": 2.46234130859375,
  "acc_5.2_11.2_13": 0.8255258202552795,
  "mae_38.0_50_13": 21.24959945678711,
  "mae_21.3_38.0_6": 17.090003967285156,
  "mse_11": 502.75201416015625,
  "mae_50_inf_7": 46.703590393066406,
  "mae_0_5.2_8": 2.538984537124634,
  "mse_38.0_50_10": 723.3533935546875,
  "acc_0_5.2_1": 0.9415507912635803,
  "mse_38.0_50_3": 1802.214599609375,
  "mae_5.2_11.2_0": 7.348891258239746,
  "acc_0_5.2_0": 0.9335271120071411,
  "mse_38.0_50_0": 687.73193359375,
  "mse_21.3_38.0_2": 373.5936584472656,
  "acc_0_5.2_4": 0.9253221154212952,
  "acc_21.3_38.0_1": 0.22828473150730133,
  "acc_5": 0.6478503346443176,
  "acc_11.2_21.3_12": 0.40852510929107666,
  "acc_38.0_50_3": 0.009237541817128658,
  "acc_38.0_50_9": 0.23815198242664337,
  "mae_50_inf_1": 39.7138671875,
  "mse_5.2_11.2_5": 15678.64453125,
  "acc_11.2_21.3_5": 0.3666744530200958,
  "acc_5.2_11.2_10": 0.8926751017570496,
  "mae_5.2_11.2_7": 5.762531757354736,
  "mae_38.0_50_7": 25.775062561035156,
  "acc_50_inf_13": 0.19403064250946045,
  "acc_11.2_21.3_7": 0.38774803280830383,
  "mse_50_inf_4": 1822.217529296875,
  "mae_38.0_50_4": 22.25096321105957,
  "acc_50_inf_9": 0.1669807881116867,
  "mse_11.2_21.3_1": 146.39186096191406,