{
  "val_loss": 5.963274002075195,
  "_step": 61,
  "global_step": 2940,
  "val_acc_0": 0.6414552927017212,
  "_timestamp": 1602866054.3779964,
  "epoch": 29,
  "_runtime": 26244.748136758804,
  "mae_0": 10.815802574157715,
  "val_loss_0": 5.963274002075195,
  "train_loss": 4.32777738571167,
  "mse_11.2_21.3_0": 154.94056701660156,
  "mae_0_5.2_0": 2.552456855773926,
  "mse_38.0_50_0": 683.6810913085938,
  "mse_0_5.2_0": 33.00080871582031,
  "mae_38.0_50_0": 22.599863052368164,
  "mse_5.2_11.2_0": 84.83128356933594,
  "acc_11.2_21.3_0": 0.39964792132377625,
  "acc_0": 0.6750962734222412,
  "acc_5.2_11.2_0": 0.8519394397735596,
  "mse_0": 392.5210876464844,
  "mae_5.2_11.2_0": 7.044479846954346,
  "mse_21.3_38.0_0": 360.90130615234375,
  "acc_0_5.2_0": 0.9287854433059692,
  "acc_21.3_38.0_0": 0.26071855425834656,
  "acc_38.0_50_0": 0.22079409658908844,
  "acc_50_inf_0": 0.09510564804077148,
  "mae_21.3_38.0_0": 16.602054595947266,
  "mae_50_inf_0": 39.81389617919922,
  "mse_50_inf_0": 2152.35400390625,
  "mae_11.2_21.3_0": 10.6822509765625,
  "mse": 392.5210876464844
}