{
  "val_acc_7": 0.6354550719261169,
  "val_acc_6": 0.6332740187644958,
  "_timestamp": 1603201692.299683,
  "val_loss_2": 1.9548490047454834,
  "mae_5": 13.987812042236328,
  "val_acc_9": 0.636195182800293,
  "val_acc_12": 0.6398301720619202,
  "mae_13": 9.744921684265137,
  "mae_6": 9.990467071533203,
  "mae_7": 9.822588920593262,
  "global_step": 4440,
  "val_loss_3": 2.0434417724609375,
  "mae_4": 10.12127685546875,
  "mae_3": 12.08227825164795,
  "val_loss_4": 2.0042221546173096,
  "val_loss_5": 2.101422071456909,
  "val_loss_9": 1.9227373600006104,
  "val_loss_8": 1.9587266445159912,
  "val_acc_8": 0.6342572569847107,
  "mae_11": 9.865742683410645,
  "_step": 121,
  "val_acc_13": 0.6404021382331848,
  "val_loss_1": 1.9653692245483398,
  "val_loss_11": 2.068394660949707,
  "val_acc_11": 0.6375490427017212,
  "val_loss_7": 1.9569083452224731,
  "val_loss_6": 1.9512193202972412,
  "val_acc_4": 0.6280801892280579,
  "val_acc_5": 0.6293780207633972,
  "val_acc_10": 0.6353270411491394,
  "mae_10": 9.780628204345703,
  "val_loss_0": 1.9458606243133545,
  "val_acc_3": 0.6270086765289307,
  "epoch": 59,
  "val_loss_12": 1.9071285724639893,
  "mae_2": 10.182816505432129,
  "mae_9": 9.741893768310547,
  "mae_8": 9.702683448791504,
  "val_acc_1": 0.6240477561950684,
  "val_loss_13": 1.9552767276763916,
  "_runtime": 19338.489735126495,
  "val_loss_10": 2.183055877685547,
  "val_loss": 1.9941866397857666,
  "mae_1": 9.958510398864746,
  "val_acc_2": 0.6268722414970398,
  "mae_0": 10.001585006713867,
  "val_acc_0": 0.6238919496536255,
  "mae_12": 9.714327812194824,
  "train_loss": 1.5542998313903809,
  "acc_50_inf_5": 0.2892998158931732,
  "acc_1": 0.6816179156303406,
  "acc_5.2_11.2_4": 0.8488869071006775,
  "mae_21.3_38.0_0": 14.058988571166992,
  "acc_38.0_50_11": 0.3287133574485779,
  "mse_11": 277.0945739746094,
  "acc_21.3_38.0_13": 0.3949833810329437,
  "acc_0_5.2_6": 0.8741931915283203,
  "mae_0_5.2_10": 4.144639492034912,
  "mse_50_inf_11": 1228.31884765625,
  "acc_38.0_50_8": 0.36438247561454773,
  "mse_50_inf_2": 1114.274658203125,
  "acc_5.2_11.2_5": 0.8141531944274902,
  "mse_38.0_50_10": 409.03582763671875,
  "mse_5.2_11.2_8": 112.1131820678711,
  "mse_11.2_21.3_5": 3455.813232421875,
  "acc_5.2_11.2_0": 0.8452100157737732,
  "mse_0_5.2_2": 88.3837661743164,
  "mae_11.2_21.3_4": 9.852317810058594,
  "acc_21.3_38.0_0": 0.3602529466152191,
  "mse_5.2_11.2_13": 116.49588775634766,
  "acc_11.2_21.3_9": 0.5557039380073547,
  "mae_21.3_38.0_13": 12.887911796569824,
  "mse_0_5.2_9": 83.31713104248047,
  "acc_50_inf_13": 0.2309606969356537,
  "mse_0_5.2_8": 75.22660827636719,
  "mse_38.0_50_5": 1058.5084228515625,
  "acc_5": 0.6759943962097168,
  "mse_50_inf_12": 1121.26806640625,
  "mse_38.0_50_11": 390.7392883300781,
  "acc_21.3_38.0_4": 0.36892765760421753,
  "mae_5.2_11.2_5": 8.786700248718262,
  "mse_21.3_38.0_4": 265.5987854003906,
  "acc_5.2_11.2_9": 0.8124912977218628,
  "mae_5.2_11.2_1": 6.229947090148926,
  "mae_5.2_11.2_7": 6.410965919494629,
  "mae_21.3_38.0_4": 13.586153030395508,
  "mae_0_5.2_9": 4.90115213394165,
  "mae_50_inf_9": 25.077285766601562,
  "acc_38.0_50_1": 0.34796735644340515,
  "mse_0_5.2_3": 2662.69775390625,
  "mse_50_inf_6": 1093.335693359375,
  "mse_21.3_38.0_11": 255.5052490234375,
  "mae_21.3_38.0_2": 13.350078582763672,
  "acc_50_inf_9": 0.2601458430290222,
  "acc_50_inf_7": 0.24283680319786072,
  "mae_21.3_38.0_1": 13.783853530883789,
  "acc_21.3_38.0_11": 0.37963882088661194,
  "mse_50_inf_8": 1125.6683349609375,
  "acc_5.2_11.2_11": 0.8323630690574646,
  "mae_5.2_11.2_13": 6.944551944732666,
  "mse_6": 279.72393798828125,
  "acc_50_inf_8": 0.24283207952976227,
  "mse_11.2_21.3_3": 833.5679321289062,
  "acc_38.0_50_2": 0.36351460218429565,
  "acc_11.2_21.3_7": 0.5603553652763367,
  "mae_0_5.2_13": 4.751519680023193,
  "acc_0_5.2_13": 0.8829801678657532,
  "mse_21.3_38.0_1": 269.3100280761719,
  "acc_50_inf_11": 0.21328705549240112,
  "mse_0_5.2_6": 108.65493774414062,
  "mae_11.2_21.3_5": 12.484477043151855,
  "mae_0_5.2_1": 5.064240455627441,
  "mse_0_5.2_1": 82.29906463623047,
  "acc_50_inf_3": 0.253656268119812,
  "mse_38.0_50_9": 339.9737243652344,
  "mse_50_inf_7": 1139.1456298828125,
  "acc_12": 0.6911431550979614,
  "mae_50_inf_7": 26.3566951751709,
  "mse_38.0_50_13": 334.4014587402344,
  "mse_11.2_21.3_12": 159.44790649414062,
  "mae_0_5.2_4": 5.423649787902832,
  "mae_38.0_50_6": 14.958054542541504,
  "acc_38.0_50_12": 0.35266590118408203,
  "mae_38.0_50_1": 15.946340560913086,
  "acc_0_5.2_1": 0.8811325430870056,
  "acc_0_5.2_9": 0.8807814717292786,
  "acc_11.2_21.3_4": 0.5693033933639526,
  "acc_50_inf_12": 0.23854805529117584,
  "acc_50_inf_4": 0.251985102891922,
  "acc_50_inf_6": 0.24663051962852478,
  "acc_21.3_38.0_9": 0.3897109925746918,
  "mae_0_5.2_0": 4.9193243980407715,
  "mae_11.2_21.3_6": 9.873588562011719,
  "mae_5.2_11.2_4": 6.409846305847168,
  "acc_0_5.2_2": 0.8719589710235596,
  "mse_38.0_50_0": 385.8733215332031,
  "mse_0_5.2_10": 65.18862915039062,
  "mse_0_5.2_5": 11580.2998046875,
  "mae_50_inf_2": 26.163034439086914,
  "mse_0_5.2_7": 72.81748962402344,
  "acc_0": 0.6788685917854309,
  "acc_38.0_50_4": 0.3593178987503052,
  "mae_5.2_11.2_9": 7.049337387084961,
  "mae_11.2_21.3_12": 9.968295097351074,
  "mae_38.0_50_10": 16.7059268951416,
  "mse_21.3_38.0_13": 236.02215576171875,
  "mse_11.2_21.3_4": 164.4694061279297,
  "mae_11.2_21.3_7": 9.88183879852295,
  "acc_38.0_50_0": 0.33681780099868774,
  "acc_11.2_21.3_6": 0.5675088763237,
  "mae_38.0_50_9": 15.056722640991211,
  "mae_38.0_50_13": 14.951342582702637,
  "acc_11.2_21.3_3": 0.5846645832061768,
  "mae_50_inf_8": 26.215394973754883,
  "mae_11.2_21.3_1": 9.747878074645996,
  "mae_0_5.2_7": 4.663082599639893,
  "mse_12": 266.889404296875,
  "acc_5.2_11.2_6": 0.8228721618652344,
  "mae_5.2_11.2_0": 6.560780048370361,
  "mae_5.2_11.2_3": 7.225001335144043,
  "mae_5.2_11.2_12": 6.909001350402832,
  "mse_21.3_38.0_10": 268.01409912109375,
  "acc_50_inf_2": 0.24525803327560425,
  "mse_11.2_21.3_11": 146.2774658203125,
  "mse_21.3_38.0_8": 253.4642333984375,
  "acc_21.3_38.0_8": 0.3984636962413788,
  "mae_5.2_11.2_11": 6.519874095916748,
  "mae_38.0_50_4": 15.550850868225098,
  "acc_11.2_21.3_10": 0.5459930300712585,
  "mae_11.2_21.3_8": 10.095513343811035,
  "acc_11.2_21.3_0": 0.5394821166992188,
  "acc_38.0_50_10": 0.3221610188484192,
  "mse_21.3_38.0_9": 253.2113494873047,
  "acc_38.0_50_5": 0.37922403216362,
  "mae_0_5.2_3": 8.87824821472168,
  "mae_38.0_50_7": 16.067386627197266,
  "mae_11.2_21.3_2": 9.769704818725586,
  "mse_21.3_38.0_6": 245.44839477539062,
  "mse_5.2_11.2_4": 117.68785095214844,
  "acc_50_inf_10": 0.21517933905124664,
  "mse_0_5.2_0": 86.54808044433594,
  "mse_5.2_11.2_0": 111.52433776855469,
  "acc_5.2_11.2_1": 0.8539066314697266,
  "mae_38.0_50_3": 15.38051700592041,
  "mse_5.2_11.2_7": 103.2750473022461,
  "mse_5.2_11.2_2": 101.20733642578125,
  "mae_21.3_38.0_6": 12.948509216308594,
  "acc_38.0_50_6": 0.37013253569602966,
  "mae_11.2_21.3_11": 9.566228866577148,
  "mse_5.2_11.2_11": 99.51106262207031,
  "mse_0_5.2_4": 136.31552124023438,
  "mse_9": 263.53521728515625,
  "mse_5.2_11.2_6": 118.04443359375,
  "mae_5.2_11.2_10": 6.601315498352051,
  "mse_11.2_21.3_2": 153.7303466796875,
  "acc_38.0_50_13": 0.371613085269928,
  "acc_5.2_11.2_13": 0.8177466988563538,
  "mse_0_5.2_13": 77.20118713378906,
  "acc_5.2_11.2_10": 0.8421657085418701,
  "acc_50_inf_0": 0.25713950395584106,
  "mae_0_5.2_5": 12.234909057617188,
  "mae_38.0_50_8": 15.270833969116211,
  "acc_5.2_11.2_7": 0.8402680158615112,
  "mae_38.0_50_0": 16.21588134765625,
  "acc_6": 0.6834618449211121,
  "acc_11.2_21.3_12": 0.5512099266052246,
  "mae_5.2_11.2_2": 6.255724906921387,
  "mae_38.0_50_5": 15.325483322143555,
  "mse_21.3_38.0_7": 265.5649719238281,
  "mse_50_inf_5": 1637.8265380859375,
  "acc_38.0_50_9": 0.372877836227417,
  "mae_0_5.2_11": 4.483558654785156,
  "mse_38.0_50_12": 355.3592834472656,
  "acc_21.3_38.0_6": 0.4038640260696411,