{
  "val_acc_11": 0.6351363658905029,
  "val_acc_7": 0.6280741691589355,
  "val_loss_9": 1.1417768001556396,
  "val_acc_0": 0.6245080232620239,
  "val_acc_9": 0.630286693572998,
  "val_acc_3": 0.6228242516517639,
  "val_acc_2": 0.6227349042892456,
  "val_loss_1": 0.7916678190231323,
  "mae_10": 6.759818077087402,
  "val_loss_5": 1.071333408355713,
  "val_acc_4": 0.6232724189758301,
  "val_loss_8": 1.1733709573745728,
  "val_loss_0": 0.6738985180854797,
  "mae_1": 5.246054649353027,
  "_timestamp": 1603265407.4644082,
  "epoch": 59,
  "mae_5": 6.408102989196777,
  "mae_12": 6.926883220672607,
  "val_loss_11": 1.2142484188079834,
  "mae_0": 4.360941410064697,
  "val_acc_12": 0.6384273171424866,
  "val_loss_13": 1.2983613014221191,
  "_runtime": 17409.79185318947,
  "val_loss_4": 1.059809684753418,
  "global_step": 4440,
  "val_acc_10": 0.6311002373695374,
  "mae_7": 6.902379035949707,
  "val_loss_2": 0.9413067698478699,
  "val_loss_3": 1.0219154357910156,
  "mae_11": 6.947716236114502,
  "val_loss": 1.0717605352401733,
  "val_loss_10": 1.1581820249557495,
  "val_acc_8": 0.6299151182174683,
  "val_loss_12": 1.2323968410491943,
  "mae_4": 6.350033760070801,
  "val_loss_7": 1.1295374631881714,
  "mae_9": 6.653433799743652,
  "val_acc_13": 0.6394397616386414,
  "mae_6": 6.480419158935547,
  "mae_2": 5.873409748077393,
  "mae_3": 6.341416358947754,
  "val_acc_5": 0.6236444115638733,
  "_step": 121,
  "val_acc_6": 0.6247561573982239,
  "mae_8": 7.094607830047607,
  "val_acc_1": 0.6246798038482666,
  "val_loss_6": 1.0968396663665771,
  "mae_13": 7.288820743560791,
  "train_loss": 0.9697901010513306,
  "acc_13": 0.7625540494918823,
  "mse_9": 125.45834350585938,
  "mse_38.0_50_11": 173.2012176513672,
  "mae_21.3_38.0_2": 9.419380187988281,
  "mse_21.3_38.0_1": 116.10240936279297,
  "mae_5.2_11.2_11": 5.995115280151367,
  "acc_50_inf_11": 0.3867364823818207,
  "mse_11.2_21.3_0": 57.28752899169922,
  "mae_11.2_21.3_11": 8.605782508850098,
  "acc_21.3_38.0_10": 0.4893115758895874,
  "acc_21.3_38.0_12": 0.5104139447212219,
  "mse_5.2_11.2_0": 29.16384506225586,
  "acc_3": 0.7921246290206909,
  "mae_38.0_50_8": 10.555315971374512,
  "acc_38.0_50_4": 0.5240998268127441,
  "mae_21.3_38.0_10": 10.846546173095703,
  "mae_0_5.2_2": 2.3872854709625244,
  "mae_50_inf_6": 15.80203914642334,
  "mae_5.2_11.2_10": 5.756110191345215,
  "mse_5.2_11.2_3": 52.10261535644531,
  "mae_50_inf_3": 16.383270263671875,
  "acc_11.2_21.3_11": 0.6457841396331787,
  "mae_11.2_21.3_12": 8.834648132324219,
  "acc_12": 0.765696108341217,
  "mse_5.2_11.2_10": 82.18873596191406,
  "mae_38.0_50_7": 10.301358222961426,
  "mse_50_inf_0": 196.58291625976562,
  "acc_0_5.2_9": 0.9470303058624268,
  "acc_21.3_38.0_5": 0.5281297564506531,
  "mae_5.2_11.2_12": 6.269715309143066,
  "acc_11.2_21.3_8": 0.6671631336212158,
  "mae_11.2_21.3_5": 7.6231465339660645,
  "acc_0": 0.8621003031730652,
  "mse_0_5.2_5": 20.983339309692383,
  "acc_5.2_11.2_5": 0.9044651389122009,
  "acc_38.0_50_12": 0.5276862978935242,
  "acc_5.2_11.2_7": 0.8927801251411438,
  "acc_50_inf_1": 0.49016469717025757,
  "mae_5.2_11.2_13": 6.195062160491943,
  "acc_0_5.2_6": 0.9542079567909241,
  "acc_11.2_21.3_0": 0.8271186947822571,
  "mae_0_5.2_1": 2.0346179008483887,
  "mae_5.2_11.2_2": 4.566244602203369,
  "mse_11.2_21.3_12": 133.2299346923828,
  "mae_5.2_11.2_0": 3.7341532707214355,
  "acc_50_inf_13": 0.3682914972305298,
  "acc_50_inf_4": 0.41892004013061523,
  "mae_21.3_38.0_9": 10.45448112487793,
  "acc_5.2_11.2_9": 0.8792373538017273,
  "acc_11.2_21.3_13": 0.6430261731147766,
  "mse_0_5.2_6": 21.144893646240234,
  "mse_38.0_50_2": 154.91452026367188,
  "acc_5.2_11.2_3": 0.9195336103439331,
  "mae_50_inf_9": 16.442516326904297,
  "mae_21.3_38.0_13": 10.662306785583496,
  "mse_21.3_38.0_12": 171.9551544189453,
  "mse_21.3_38.0_10": 177.3899383544922,
  "acc_11.2_21.3_1": 0.7839608788490295,
  "acc_38.0_50_6": 0.5288370847702026,
  "mae_0_5.2_3": 2.7353785037994385,
  "mse_0_5.2_1": 13.680479049682617,
  "mae_21.3_38.0_12": 10.547416687011719,
  "mse_0_5.2_12": 34.24824142456055,
  "acc_0_5.2_11": 0.9372273683547974,
  "acc_21.3_38.0_3": 0.5681771039962769,
  "mse_38.0_50_9": 170.5771942138672,
  "mse_7": 161.7944793701172,
  "mae_11.2_21.3_9": 8.36443042755127,
  "mse_0_5.2_11": 35.00183868408203,
  "acc_38.0_50_1": 0.6188783049583435,
  "mse_21.3_38.0_7": 155.7630157470703,
  "mae_21.3_38.0_4": 10.273478507995605,
  "acc_0_5.2_4": 0.955734372138977,
  "acc_21.3_38.0_7": 0.5444633364677429,
  "mse_5.2_11.2_4": 59.65198516845703,
  "mse_10": 129.6900634765625,
  "mae_0_5.2_10": 2.905405282974243,
  "mse_38.0_50_12": 183.6258544921875,
  "acc_11.2_21.3_7": 0.688453733921051,
  "mae_21.3_38.0_11": 10.512824058532715,
  "mae_38.0_50_11": 10.372149467468262,
  "mse_38.0_50_8": 192.98098754882812,
  "acc_38.0_50_9": 0.5530915260314941,
  "mae_38.0_50_0": 7.928093433380127,
  "mse_5.2_11.2_5": 55.93180847167969,
  "acc_21.3_38.0_9": 0.510216474533081,
  "mae_11.2_21.3_13": 8.786825180053711,
  "mse_11.2_21.3_2": 84.47130584716797,
  "acc_11.2_21.3_2": 0.7491127848625183,
  "acc_38.0_50_5": 0.548194944858551,
  "mse_5.2_11.2_8": 208.63308715820312,
  "mse_38.0_50_5": 171.44541931152344,
  "mse_11.2_21.3_7": 113.32846069335938,
  "mse_5.2_11.2_13": 111.46974182128906,
  "mae_0_5.2_8": 3.564490556716919,
  "acc_11.2_21.3_9": 0.6541193723678589,
  "mae_5.2_11.2_9": 5.67236328125,
  "acc_38.0_50_0": 0.6736084818840027,
  "mae_21.3_38.0_1": 8.573471069335938,
  "mse_21.3_38.0_9": 165.77577209472656,
  "mae_50_inf_12": 16.757986068725586,
  "mse_21.3_38.0_3": 134.63442993164062,
  "mse_50_inf_12": 501.818115234375,
  "mae_11.2_21.3_8": 8.484353065490723,
  "mse_5.2_11.2_6": 65.7685775756836,
  "acc_8": 0.7752084136009216,
  "acc_0_5.2_12": 0.9362550377845764,
  "mse_21.3_38.0_13": 173.4829864501953,
  "acc_5.2_11.2_0": 0.9457957744598389,
  "mse_2": 99.85313415527344,
  "acc_5.2_11.2_4": 0.9075574278831482,
  "acc_0_5.2_3": 0.9554955363273621,
  "mse_38.0_50_13": 181.28553771972656,
  "mse_21.3_38.0_8": 204.23806762695312,
  "mse_5": 114.9250259399414,
  "mse_38.0_50_4": 187.2333526611328,
  "mae_11.2_21.3_4": 7.820276260375977,
  "mae_0_5.2_7": 3.1210639476776123,
  "mse_38.0_50_6": 187.17311096191406,
  "acc_6": 0.7797767519950867,
  "mae_5.2_11.2_3": 4.644944667816162,
  "acc_38.0_50_11": 0.5406410098075867,
  "acc_21.3_38.0_0": 0.6870885491371155,
  "mae_0_5.2_11": 3.1354246139526367,
  "acc_0_5.2_5": 0.9549397826194763,
  "mse_11.2_21.3_1": 73.4798583984375,
  "acc_7": 0.7763336896896362,
  "mse_0_5.2_9": 26.02517318725586,
  "acc_0_5.2_0": 0.9882206320762634,
  "acc_50_inf_6": 0.40933531522750854,
  "mae_21.3_38.0_3": 9.345364570617676,
  "acc_9": 0.7743324637413025,
  "mse_11.2_21.3_10": 121.96849060058594,
  "mse_50_inf_9": 484.3484191894531,
  "mse_0": 54.6093635559082,
  "acc_50_inf_0": 0.5667140483856201,
  "mae_50_inf_7": 17.46892738342285,
  "mse_21.3_38.0_5": 155.1215362548828,
  "mse_5.2_11.2_11": 89.72040557861328,
  "mse_0_5.2_3": 22.974767684936523,
  "mae_38.0_50_6": 10.763446807861328,
  "acc_11.2_21.3_6": 0.685370922088623,
  "mae_50_inf_13": 18.0369873046875,
  "acc_5.2_11.2_11": 0.8707200884819031,
  "mae_38.0_50_2": 9.742542266845703,
  "mae_0_5.2_9": 2.8523571491241455,
  "mae_21.3_38.0_7": 9.909478187561035,
  "mae_5.2_11.2_5": 4.908196926116943,
  "mse_21.3_38.0_11": 167.08213806152344,
  "acc_21.3_38.0_2": 0.5665416717529297,
  "mae_50_inf_5": 15.793726921081543,
  "mse_11.2_21.3_5": 93.63203430175781,
  "mae_0_5.2_0": 1.5572917461395264,
  "mse_38.0_50_0": 105.43729400634766,
  "mse_5.2_11.2_2": 52.94544219970703,
  "acc_50_inf_9": 0.39704206585884094,
  "mse_11.2_21.3_13": 136.0792236328125,
  "mse_21.3_38.0_0": 90.97080993652344,
  "mae_21.3_38.0_0": 7.515527725219727,
  "mse_50_inf_8": 493.70928955078125,
  "mse_6": 119.77559661865234,
  "mse_5.2_11.2_1": 43.13178634643555,
  "mse_0_5.2_10": 27.688236236572266,
  "acc_2": 0.8036109805107117,
  "acc_21.3_38.0_1": 0.619469404220581,